#,Game_ID,Season,Week,SeasonWeek_ID,gameDate,FavoredTeam_ID,Underdog_ID,Winner_ID,Game_Era,Fav_Implied_Win_P,UndD_Implied_Win_P,American_Odds_Fav,American_Odds_Und,Dec_Odds_Fav,Dec_Odds_UndD
1,12679,55,1,55.1,9/10/20,KC,HOU,KC,12,0.53,0.47,-112.765957446809,112.765957446809,1.89,2.13
2,12680,55,1,55.1,9/13/20,SEA,ATL,SEA,12,0.71,0.29,-244.827586206897,244.827586206897,1.41,3.45
3,12681,55,1,55.1,9/13/20,BAL,CLE,BAL,12,0.68,0.32,-212.5,212.5,1.47,3.12
4,12682,55,1,55.1,9/13/20,BUF,NYJ,BUF,12,0.59,0.41,-143.90243902439,143.90243902439,1.69,2.44
5,12683,55,1,55.1,9/13/20,LVR,CAR,LVR,12,0.59,0.41,-143.90243902439,143.90243902439,1.69,2.44
6,12684,55,1,55.1,9/13/20,LAC,CIN,LAC,12,0.56,0.44,-127.272727272727,127.272727272727,1.79,2.27
7,12685,55,1,55.1,9/13/20,DET,CHI,CHI,12,0.74,0.26,-284.615384615385,284.615384615385,1.35,3.85
8,12686,55,1,55.1,9/13/20,IND,JAX,JAX,12,0.56,0.44,-127.272727272727,127.272727272727,1.79,2.27
9,12687,55,1,55.1,9/13/20,DAL,LAR,LAR,12,0.56,0.44,-127.272727272727,127.272727272727,1.79,2.27
10,12688,55,1,55.1,9/13/20,MIN,GB,GB,12,0.71,0.29,-244.827586206897,244.827586206897,1.41,3.45
11,12689,55,1,55.1,9/13/20,NE,MIA,NE,12,0.59,0.41,-143.90243902439,143.90243902439,1.69,2.44
12,12690,55,1,55.1,9/13/20,NO,TB,NO,12,0.68,0.32,-212.5,212.5,1.47,3.12
13,12691,55,1,55.1,9/13/20,SF,AZ,AZ,12,0.65,0.35,-185.714285714286,185.714285714286,1.54,2.86
14,12692,55,1,55.1,9/13/20,PHI,WAS,WAS,12,0.59,0.41,-143.90243902439,143.90243902439,1.69,2.44
15,12693,55,1,55.1,9/14/20,TEN,DEN,TEN,12,0.65,0.35,-185.714285714286,185.714285714286,1.54,2.86
16,12694,55,1,55.1,9/14/20,PIT,NYG,PIT,12,0.68,0.32,-212.5,212.5,1.47,3.12
17,12695,55,2,55.2,9/17/20,CLE,CIN,CLE,12,0.71,0.29,-244.827586206897,244.827586206897,1.41,3.45
18,12696,55,2,55.2,9/20/20,ARI,AZ,AZ,12,0.65,0.35,-185.714285714286,185.714285714286,1.54,2.86
19,12697,55,2,55.2,9/20/20,CHI,NYG,CHI,12,0.59,0.41,-143.90243902439,143.90243902439,1.69,2.44
20,12698,55,2,55.2,9/20/20,DAL,ATL,DAL,12,0.68,0.32,-212.5,212.5,1.47,3.12
21,12699,55,2,55.2,9/20/20,GB,DET,GB,12,0.71,0.29,-244.827586206897,244.827586206897,1.41,3.45
22,12700,55,2,55.2,9/20/20,BAL,HOU,BAL,12,0.59,0.41,-143.90243902439,143.90243902439,1.69,2.44
23,12701,55,2,55.2,9/20/20,IND,MIN,IND,12,0.74,0.26,-284.615384615385,284.615384615385,1.35,3.85
24,12702,55,2,55.2,9/20/20,KC,LAC,KC,12,0.65,0.35,-185.714285714286,185.714285714286,1.54,2.86
25,12703,55,2,55.2,9/20/20,BUF,MIA,BUF,12,0.71,0.29,-244.827586206897,244.827586206897,1.41,3.45
26,12704,55,2,55.2,9/20/20,SF,NYJ,SF,12,0.53,0.47,-112.765957446809,112.765957446809,1.89,2.13
27,12705,55,2,55.2,9/20/20,PHI,LAR,LAR,12,0.68,0.32,-212.5,212.5,1.47,3.12
28,12706,55,2,55.2,9/20/20,PIT,DEN,PIT,12,0.62,0.38,-163.157894736842,163.157894736842,1.61,2.63
29,12707,55,2,55.2,9/20/20,SEA,NE,SEA,12,0.74,0.26,-284.615384615385,284.615384615385,1.35,3.85
30,12708,55,2,55.2,9/20/20,TB,CAR,TB,12,0.71,0.29,-244.827586206897,244.827586206897,1.41,3.45
31,12709,55,2,55.2,9/20/20,TEN,JAX,TEN,12,0.65,0.35,-185.714285714286,185.714285714286,1.54,2.86
32,12710,55,2,55.2,9/21/20,NO,LVR,LVR,12,0.59,0.41,-143.90243902439,143.90243902439,1.69,2.44
33,12711,55,3,55.3,9/24/20,JAX,MIA,MIA,12,0.65,0.35,-185.714285714286,185.714285714286,1.54,2.86
34,12712,55,3,55.3,9/27/20,ARI,AZ,DET,12,0.59,0.41,-143.90243902439,143.90243902439,1.69,2.44
35,12713,55,3,55.3,9/27/20,ATL,CHI,CHI,12,0.56,0.44,-127.272727272727,127.272727272727,1.79,2.27
36,12714,55,3,55.3,9/27/20,BUF,LAR,BUF,12,0.71,0.29,-244.827586206897,244.827586206897,1.41,3.45
37,12715,55,3,55.3,9/27/20,CLE,WAS,CLE,12,0.68,0.32,-212.5,212.5,1.47,3.12
38,12716,55,3,55.3,9/27/20,TB,DEN,TB,12,0.83,0.17,-488.235294117647,488.235294117647,1.2,5.88
39,12717,55,3,55.3,9/27/20,IND,NYJ,IND,12,0.68,0.32,-212.5,212.5,1.47,3.12
40,12718,55,3,55.3,9/27/20,LAC,CAR,CAR,12,0.56,0.44,-127.272727272727,127.272727272727,1.79,2.27
41,12719,55,3,55.3,9/27/20,TEN,MIN,TEN,12,0.68,0.32,-212.5,212.5,1.47,3.12
42,12720,55,3,55.3,9/27/20,NE,LVR,NE,12,0.59,0.41,-143.90243902439,143.90243902439,1.69,2.44
43,12721,55,3,55.3,9/27/20,NO,GB,GB,12,0.59,0.41,-143.90243902439,143.90243902439,1.69,2.44
44,12722,55,3,55.3,9/27/20,SF,NYG,SF,12,0.62,0.38,-163.157894736842,163.157894736842,1.61,2.63
45,12723,55,3,55.3,9/27/20,PHI,CIN,CIN,12,0.62,0.38,-163.157894736842,163.157894736842,1.61,2.63
46,12724,55,3,55.3,9/27/20,PIT,HOU,PIT,12,0.65,0.35,-185.714285714286,185.714285714286,1.54,2.86
47,12725,55,3,55.3,9/27/20,SEA,DAL,SEA,12,0.59,0.41,-143.90243902439,143.90243902439,1.69,2.44
48,12726,55,3,55.3,9/28/20,BAL,KC,KC,12,0.53,0.47,-112.765957446809,112.765957446809,1.89,2.13
49,12727,55,4,55.4,10/1/20,NYJ,DEN,DEN,12,0.59,0.41,-143.90243902439,143.90243902439,1.69,2.44
50,12728,55,4,55.4,10/4/20,ARI,CAR,CAR,12,0.59,0.41,-143.90243902439,143.90243902439,1.69,2.44
51,12729,55,4,55.4,10/4/20,IND,CHI,IND,12,0.56,0.44,-127.272727272727,127.272727272727,1.79,2.27
52,12730,55,4,55.4,10/4/20,CIN,JAX,CIN,12,0.59,0.41,-143.90243902439,143.90243902439,1.69,2.44
53,12731,55,4,55.4,10/4/20,DAL,CLE,CLE,12,0.59,0.41,-143.90243902439,143.90243902439,1.69,2.44
54,12732,55,4,55.4,10/4/20,NO,DET,NO,12,0.59,0.41,-143.90243902439,143.90243902439,1.69,2.44
55,12733,55,4,55.4,10/4/20,HOU,MIN,MIN,12,0.59,0.41,-143.90243902439,143.90243902439,1.69,2.44
56,12734,55,4,55.4,10/4/20,BUF,LVR,BUF,12,0.89,0.11,-809.090909090909,809.090909090909,1.12,9.09
57,12735,55,4,55.4,10/4/20,LAR,NYG,LAR,12,0.65,0.35,-185.714285714286,185.714285714286,1.54,2.86
58,12736,55,4,55.4,10/4/20,SEA,MIA,SEA,12,0.71,0.29,-244.827586206897,244.827586206897,1.41,3.45
59,12737,55,4,55.4,10/4/20,SF,PHI,PHI,12,0.71,0.29,-244.827586206897,244.827586206897,1.41,3.45
60,12738,55,4,55.4,10/4/20,TB,LAC,TB,12,0.92,0.08,-1150.0,1150.0,1.09,12.5
61,12739,55,4,55.4,10/4/20,BAL,WAS,BAL,12,0.71,0.29,-244.827586206897,244.827586206897,1.41,3.45
62,12740,55,4,55.4,10/5/20,GB,ATL,GB,12,0.71,0.29,-244.827586206897,244.827586206897,1.41,3.45
63,12741,55,4,55.4,10/5/20,KC,NE,KC,12,0.59,0.41,-143.90243902439,143.90243902439,1.69,2.44
64,12742,55,5,55.5,10/8/20,TB,CHI,CHI,12,0.56,0.44,-127.272727272727,127.272727272727,1.79,2.27
65,12743,55,5,55.5,10/11/20,ATL,CAR,CAR,12,0.83,0.17,-488.235294117647,488.235294117647,1.2,5.88
66,12744,55,5,55.5,10/11/20,BAL,CIN,BAL,12,0.53,0.47,-112.765957446809,112.765957446809,1.89,2.13
67,12745,55,5,55.5,10/11/20,CLE,IND,CLE,12,0.74,0.26,-284.615384615385,284.615384615385,1.35,3.85
68,12746,55,5,55.5,10/11/20,DAL,NYG,DAL,12,0.65,0.35,-185.714285714286,185.714285714286,1.54,2.86
69,12747,55,5,55.5,10/11/20,HOU,JAX,HOU,12,0.8,0.2,-400.0,400.0,1.25,5
70,12748,55,5,55.5,10/11/20,KC,LVR,LVR,12,0.71,0.29,-244.827586206897,244.827586206897,1.41,3.45
71,12749,55,5,55.5,10/11/20,ARI,NYJ,AZ,12,0.71,0.29,-244.827586206897,244.827586206897,1.41,3.45
72,12750,55,5,55.5,10/11/20,PIT,PHI,PIT,12,0.71,0.29,-244.827586206897,244.827586206897,1.41,3.45
73,12751,55,5,55.5,10/11/20,SF,MIA,MIA,12,0.68,0.32,-212.5,212.5,1.47,3.12
74,12752,55,5,55.5,10/11/20,SEA,MIN,SEA,12,0.71,0.29,-244.827586206897,244.827586206897,1.41,3.45
75,12753,55,5,55.5,10/11/20,LAR,WAS,LAR,12,0.71,0.29,-244.827586206897,244.827586206897,1.41,3.45
76,12754,55,5,55.5,10/12/20,NO,LAC,NO,12,0.59,0.41,-143.90243902439,143.90243902439,1.69,2.44
77,12755,55,5,55.5,10/13/20,BUF,TEN,TEN,12,0.53,0.47,-112.765957446809,112.765957446809,1.89,2.13
78,12756,55,6,55.6,10/18/20,CAR,CHI,CHI,12,0.71,0.29,-244.827586206897,244.827586206897,1.41,3.45
79,12757,55,6,55.6,10/18/20,IND,CIN,IND,12,0.59,0.41,-143.90243902439,143.90243902439,1.69,2.44
80,12758,55,6,55.6,10/18/20,DET,JAX,DET,12,0.77,0.23,-334.782608695652,334.782608695652,1.3,4.35
81,12759,55,6,55.6,10/18/20,MIA,NYJ,MIA,12,0.62,0.38,-163.157894736842,163.157894736842,1.61,2.63
82,12760,55,6,55.6,10/18/20,MIN,ATL,ATL,12,0.74,0.26,-284.615384615385,284.615384615385,1.35,3.85
83,12761,55,6,55.6,10/18/20,NE,DEN,DEN,12,0.56,0.44,-127.272727272727,127.272727272727,1.79,2.27
84,12762,55,6,55.6,10/18/20,NYG,WAS,NYG,12,0.8,0.2,-400.0,400.0,1.25,5
85,12763,55,6,55.6,10/18/20,BAL,PHI,BAL,12,0.59,0.41,-143.90243902439,143.90243902439,1.69,2.44
86,12764,55,6,55.6,10/18/20,PIT,CLE,PIT,12,0.56,0.44,-127.272727272727,127.272727272727,1.79,2.27
87,12765,55,6,55.6,10/18/20,LAR,SF,SF,12,0.53,0.47,-112.765957446809,112.765957446809,1.89,2.13
88,12766,55,6,55.6,10/18/20,GB,TB,TB,12,0.59,0.41,-143.90243902439,143.90243902439,1.69,2.44
89,12767,55,6,55.6,10/18/20,TEN,HOU,TEN,12,0.65,0.35,-185.714285714286,185.714285714286,1.54,2.86
90,12768,55,6,55.6,10/19/20,KC,BUF,KC,12,0.53,0.47,-112.765957446809,112.765957446809,1.89,2.13
91,12769,55,6,55.6,10/19/20,ARI,DAL,AZ,12,0.62,0.38,-163.157894736842,163.157894736842,1.61,2.63
92,12770,55,7,55.7,10/22/20,PHI,NYG,PHI,12,0.59,0.41,-143.90243902439,143.90243902439,1.69,2.44
93,12771,55,7,55.7,10/25/20,SEA,AZ,AZ,12,0.56,0.44,-127.272727272727,127.272727272727,1.79,2.27
94,12772,55,7,55.7,10/25/20,ATL,DET,DET,12,0.59,0.41,-143.90243902439,143.90243902439,1.69,2.44
95,12773,55,7,55.7,10/25/20,CLE,CIN,CLE,12,0.71,0.29,-244.827586206897,244.827586206897,1.41,3.45
96,12774,55,7,55.7,10/25/20,KC,DEN,KC,12,0.59,0.41,-143.90243902439,143.90243902439,1.69,2.44
97,12775,55,7,55.7,10/25/20,GB,HOU,GB,12,0.59,0.41,-143.90243902439,143.90243902439,1.69,2.44
98,12776,55,7,55.7,10/25/20,TB,LVR,TB,12,0.71,0.29,-244.827586206897,244.827586206897,1.41,3.45
99,12777,55,7,55.7,10/25/20,LAC,JAX,LAC,12,0.59,0.41,-143.90243902439,143.90243902439,1.69,2.44
100,12778,55,7,55.7,10/25/20,NE,SF,SF,12,0.68,0.32,-212.5,212.5,1.47,3.12
101,12779,55,7,55.7,10/25/20,NO,CAR,NO,12,0.8,0.2,-400.0,400.0,1.25,5
102,12780,55,7,55.7,10/25/20,BUF,NYJ,BUF,12,0.53,0.47,-112.765957446809,112.765957446809,1.89,2.13
103,12781,55,7,55.7,10/25/20,TEN,PIT,PIT,12,0.53,0.47,-112.765957446809,112.765957446809,1.89,2.13
104,12782,55,7,55.7,10/25/20,WAS,DAL,WAS,12,0.68,0.32,-212.5,212.5,1.47,3.12
105,12783,55,7,55.7,10/26/20,LAR,CHI,LAR,12,0.56,0.44,-127.272727272727,127.272727272727,1.79,2.27
106,12784,55,8,55.8,10/29/20,CAR,ATL,ATL,12,0.62,0.38,-163.157894736842,163.157894736842,1.61,2.63
107,12785,55,8,55.8,11/1/20,BAL,PIT,PIT,12,0.62,0.38,-163.157894736842,163.157894736842,1.61,2.63
108,12786,55,8,55.8,11/1/20,BUF,NE,BUF,12,0.62,0.38,-163.157894736842,163.157894736842,1.61,2.63
109,12787,55,8,55.8,11/1/20,NO,CHI,NO,12,0.71,0.29,-244.827586206897,244.827586206897,1.41,3.45
110,12788,55,8,55.8,11/1/20,TEN,CIN,CIN,12,0.53,0.47,-112.765957446809,112.765957446809,1.89,2.13
111,12789,55,8,55.8,11/1/20,CLE,LVR,LVR,12,0.59,0.41,-143.90243902439,143.90243902439,1.69,2.44
112,12790,55,8,55.8,11/1/20,LAC,DEN,DEN,12,0.59,0.41,-143.90243902439,143.90243902439,1.69,2.44
113,12791,55,8,55.8,11/1/20,IND,DET,IND,12,0.68,0.32,-212.5,212.5,1.47,3.12
114,12792,55,8,55.8,11/1/20,GB,MIN,MIN,12,0.99,0.01,-9899.99999999999,9900.0,1.01,100
115,12793,55,8,55.8,11/1/20,KC,NYJ,KC,12,0.59,0.41,-143.90243902439,143.90243902439,1.69,2.44
116,12794,55,8,55.8,11/1/20,LAR,MIA,MIA,12,0.83,0.17,-488.235294117647,488.235294117647,1.2,5.88
117,12795,55,8,55.8,11/1/20,PHI,DAL,PHI,12,0.59,0.41,-143.90243902439,143.90243902439,1.69,2.44
118,12796,55,8,55.8,11/1/20,SEA,SF,SEA,12,0.86,0.14,-614.285714285714,614.285714285714,1.16,7.14
119,12797,55,8,55.8,11/2/20,TB,NYG,TB,12,0.71,0.29,-244.827586206897,244.827586206897,1.41,3.45
120,12798,55,9,55.9,11/5/20,GB,SF,GB,12,0.65,0.35,-185.714285714286,185.714285714286,1.54,2.86
121,12799,55,9,55.9,11/8/20,ARI,AZ,MIA,12,0.62,0.38,-163.157894736842,163.157894736842,1.61,2.63
122,12800,55,9,55.9,11/8/20,ATL,DEN,ATL,12,0.59,0.41,-143.90243902439,143.90243902439,1.69,2.44
123,12801,55,9,55.9,11/8/20,SEA,BUF,BUF,12,0.92,0.08,-1150.0,1150.0,1.09,12.5
124,12802,55,9,55.9,11/8/20,PIT,DAL,PIT,12,0.53,0.47,-112.765957446809,112.765957446809,1.89,2.13
125,12803,55,9,55.9,11/8/20,BAL,IND,BAL,12,0.68,0.32,-212.5,212.5,1.47,3.12
126,12804,55,9,55.9,11/8/20,HOU,JAX,HOU,12,0.8,0.2,-400.0,400.0,1.25,5
127,12805,55,9,55.9,11/8/20,KC,CAR,KC,12,0.53,0.47,-112.765957446809,112.765957446809,1.89,2.13
128,12806,55,9,55.9,11/8/20,LVR,LAC,LVR,12,0.62,0.38,-163.157894736842,163.157894736842,1.61,2.63
129,12807,55,9,55.9,11/8/20,MIN,DET,MIN,12,0.62,0.38,-163.157894736842,163.157894736842,1.61,2.63
130,12808,55,9,55.9,11/8/20,TB,NO,NO,12,0.68,0.32,-212.5,212.5,1.47,3.12
131,12809,55,9,55.9,11/8/20,TEN,CHI,TEN,12,0.56,0.44,-127.272727272727,127.272727272727,1.79,2.27
132,12810,55,9,55.9,11/8/20,WAS,NYG,NYG,12,0.77,0.23,-334.782608695652,334.782608695652,1.3,4.35
133,12811,55,9,55.9,11/9/20,NE,NYJ,NE,12,0.53,0.47,-112.765957446809,112.765957446809,1.89,2.13
134,12812,55,10,55.10,11/12/20,TEN,IND,IND,12,0.56,0.44,-127.272727272727,127.272727272727,1.79,2.27
135,12813,55,10,55.10,11/15/20,ARI,AZ,AZ,12,0.68,0.32,-212.5,212.5,1.47,3.12
136,12814,55,10,55.10,11/15/20,TB,CAR,TB,12,0.62,0.38,-163.157894736842,163.157894736842,1.61,2.63
137,12815,55,10,55.10,11/15/20,CLE,HOU,CLE,12,0.59,0.41,-143.90243902439,143.90243902439,1.69,2.44
138,12816,55,10,55.10,11/15/20,DET,WAS,DET,12,0.92,0.08,-1150.0,1150.0,1.09,12.5
139,12817,55,10,55.10,11/15/20,GB,JAX,GB,12,0.59,0.41,-143.90243902439,143.90243902439,1.69,2.44
140,12818,55,10,55.10,11/15/20,LVR,DEN,LVR,12,0.59,0.41,-143.90243902439,143.90243902439,1.69,2.44
141,12819,55,10,55.10,11/15/20,LAR,SEA,LAR,12,0.56,0.44,-127.272727272727,127.272727272727,1.79,2.27
142,12820,55,10,55.10,11/15/20,MIA,LAC,MIA,12,0.71,0.29,-244.827586206897,244.827586206897,1.41,3.45
143,12821,55,10,55.10,11/15/20,BAL,NE,NE,12,0.77,0.23,-334.782608695652,334.782608695652,1.3,4.35
144,12822,55,10,55.10,11/15/20,NO,SF,NO,12,0.62,0.38,-163.157894736842,163.157894736842,1.61,2.63
145,12823,55,10,55.10,11/15/20,PHI,NYG,NYG,12,0.71,0.29,-244.827586206897,244.827586206897,1.41,3.45
146,12824,55,10,55.10,11/15/20,PIT,CIN,PIT,12,0.59,0.41,-143.90243902439,143.90243902439,1.69,2.44
147,12825,55,10,55.10,11/16/20,MIN,CHI,MIN,12,0.59,0.41,-143.90243902439,143.90243902439,1.69,2.44
148,12826,55,11,55.11,11/19/20,SEA,AZ,SEA,12,0.68,0.32,-212.5,212.5,1.47,3.12
149,12827,55,11,55.11,11/22/20,BAL,TEN,TEN,12,0.53,0.47,-112.765957446809,112.765957446809,1.89,2.13
150,12828,55,11,55.11,11/22/20,DET,CAR,CAR,12,0.59,0.41,-143.90243902439,143.90243902439,1.69,2.44
151,12829,55,11,55.11,11/22/20,CLE,PHI,CLE,12,0.59,0.41,-143.90243902439,143.90243902439,1.69,2.44
152,12830,55,11,55.11,11/22/20,MIA,DEN,DEN,12,0.56,0.44,-127.272727272727,127.272727272727,1.79,2.27
153,12831,55,11,55.11,11/22/20,NE,HOU,HOU,12,0.53,0.47,-112.765957446809,112.765957446809,1.89,2.13
154,12832,55,11,55.11,11/22/20,IND,GB,IND,12,0.8,0.2,-400.0,400.0,1.25,5
155,12833,55,11,55.11,11/22/20,PIT,JAX,PIT,12,0.71,0.29,-244.827586206897,244.827586206897,1.41,3.45
156,12834,55,11,55.11,11/22/20,KC,LVR,KC,12,0.77,0.23,-334.782608695652,334.782608695652,1.3,4.35
157,12835,55,11,55.11,11/22/20,LAC,NYJ,LAC,12,0.71,0.29,-244.827586206897,244.827586206897,1.41,3.45
158,12836,55,11,55.11,11/22/20,MIN,DAL,DAL,12,0.59,0.41,-143.90243902439,143.90243902439,1.69,2.44
159,12837,55,11,55.11,11/22/20,NO,ATL,NO,12,0.53,0.47,-112.765957446809,112.765957446809,1.89,2.13
160,12838,55,11,55.11,11/22/20,WAS,CIN,WAS,12,0.62,0.38,-163.157894736842,163.157894736842,1.61,2.63
161,12839,55,11,55.11,11/23/20,TB,LAR,LAR,12,0.59,0.41,-143.90243902439,143.90243902439,1.69,2.44
162,12840,55,12,55.12,11/26/20,DAL,WAS,WAS,12,0.59,0.41,-143.90243902439,143.90243902439,1.69,2.44
163,12841,55,12,55.12,11/26/20,HOU,DET,HOU,12,0.59,0.41,-143.90243902439,143.90243902439,1.69,2.44
164,12842,55,12,55.12,11/29/20,LVR,ATL,ATL,12,0.62,0.38,-163.157894736842,163.157894736842,1.61,2.63
165,12843,55,12,55.12,11/29/20,BUF,LAC,BUF,12,0.68,0.32,-212.5,212.5,1.47,3.12
166,12844,55,12,55.12,11/29/20,NYG,CIN,NYG,12,0.92,0.08,-1150.0,1150.0,1.09,12.5
167,12845,55,12,55.12,11/29/20,NO,DEN,NO,12,0.77,0.23,-334.782608695652,334.782608695652,1.3,4.35
168,12846,55,12,55.12,11/29/20,GB,CHI,GB,12,0.59,0.41,-143.90243902439,143.90243902439,1.69,2.44
169,12847,55,12,55.12,11/29/20,IND,TEN,TEN,12,0.71,0.29,-244.827586206897,244.827586206897,1.41,3.45
170,12848,55,12,55.12,11/29/20,CLE,JAX,CLE,12,0.68,0.32,-212.5,212.5,1.47,3.12
171,12849,55,12,55.12,11/29/20,LAR,SF,SF,12,0.59,0.41,-143.90243902439,143.90243902439,1.69,2.44
172,12850,55,12,55.12,11/29/20,MIN,CAR,MIN,12,0.56,0.44,-127.272727272727,127.272727272727,1.79,2.27
173,12851,55,12,55.12,11/29/20,ARI,NE,NE,12,0.71,0.29,-244.827586206897,244.827586206897,1.41,3.45
174,12852,55,12,55.12,11/29/20,MIA,NYJ,MIA,12,0.59,0.41,-143.90243902439,143.90243902439,1.69,2.44
175,12853,55,12,55.12,11/29/20,KC,TB,KC,12,0.68,0.32,-212.5,212.5,1.47,3.12
176,12854,55,12,55.12,11/30/20,SEA,PHI,SEA,12,0.65,0.35,-185.714285714286,185.714285714286,1.54,2.86
177,12855,55,12,55.12,12/2/20,PIT,BAL,PIT,12,0.56,0.44,-127.272727272727,127.272727272727,1.79,2.27
178,12856,55,13,55.13,12/6/20,LAR,AZ,LAR,12,0.56,0.44,-127.272727272727,127.272727272727,1.79,2.27
179,12857,55,13,55.13,12/6/20,NO,ATL,NO,12,0.59,0.41,-143.90243902439,143.90243902439,1.69,2.44
180,12858,55,13,55.13,12/6/20,CHI,DET,DET,12,0.74,0.26,-284.615384615385,284.615384615385,1.35,3.85
181,12859,55,13,55.13,12/6/20,GB,PHI,GB,12,0.59,0.41,-143.90243902439,143.90243902439,1.69,2.44
182,12860,55,13,55.13,12/6/20,IND,HOU,IND,12,0.89,0.11,-809.090909090909,809.090909090909,1.12,9.09
183,12861,55,13,55.13,12/6/20,KC,DEN,KC,12,0.56,0.44,-127.272727272727,127.272727272727,1.79,2.27
184,12862,55,13,55.13,12/6/20,LAC,NE,NE,12,0.8,0.2,-400.0,400.0,1.25,5
185,12863,55,13,55.13,12/6/20,MIA,CIN,MIA,12,0.8,0.2,-400.0,400.0,1.25,5
186,12864,55,13,55.13,12/6/20,MIN,JAX,MIN,12,0.71,0.29,-244.827586206897,244.827586206897,1.41,3.45
187,12865,55,13,55.13,12/6/20,LVR,NYJ,LVR,12,0.83,0.17,-488.235294117647,488.235294117647,1.2,5.88
188,12866,55,13,55.13,12/6/20,SEA,NYG,NYG,12,0.59,0.41,-143.90243902439,143.90243902439,1.69,2.44
189,12867,55,13,55.13,12/6/20,TEN,CLE,CLE,12,0.68,0.32,-212.5,212.5,1.47,3.12
190,12868,55,13,55.13,12/7/20,PIT,WAS,WAS,12,0.53,0.47,-112.765957446809,112.765957446809,1.89,2.13
191,12869,55,13,55.13,12/7/20,SF,BUF,BUF,12,0.74,0.26,-284.615384615385,284.615384615385,1.35,3.85
192,12870,55,13,55.13,12/8/20,BAL,DAL,BAL,12,0.65,0.35,-185.714285714286,185.714285714286,1.54,2.86
193,12871,55,14,55.14,12/10/20,LAR,NE,LAR,12,0.56,0.44,-127.272727272727,127.272727272727,1.79,2.27
194,12872,55,14,55.14,12/13/20,BUF,PIT,BUF,12,0.62,0.38,-163.157894736842,163.157894736842,1.61,2.63
195,12873,55,14,55.14,12/13/20,CAR,DEN,DEN,12,0.53,0.47,-112.765957446809,112.765957446809,1.89,2.13
196,12874,55,14,55.14,12/13/20,HOU,CHI,CHI,12,0.59,0.41,-143.90243902439,143.90243902439,1.69,2.44
197,12875,55,14,55.14,12/13/20,DAL,CIN,DAL,12,0.77,0.23,-334.782608695652,334.782608695652,1.3,4.35
198,12876,55,14,55.14,12/13/20,GB,DET,GB,12,0.71,0.29,-244.827586206897,244.827586206897,1.41,3.45
199,12877,55,14,55.14,12/13/20,TEN,JAX,TEN,12,0.56,0.44,-127.272727272727,127.272727272727,1.79,2.27
200,12878,55,14,55.14,12/13/20,IND,LVR,IND,12,0.53,0.47,-112.765957446809,112.765957446809,1.89,2.13
201,12879,55,14,55.14,12/13/20,LAC,ATL,LAC,12,0.71,0.29,-244.827586206897,244.827586206897,1.41,3.45
202,12880,55,14,55.14,12/13/20,KC,MIA,KC,12,0.59,0.41,-143.90243902439,143.90243902439,1.69,2.44
203,12881,55,14,55.14,12/13/20,ARI,NYG,AZ,12,0.71,0.29,-244.827586206897,244.827586206897,1.41,3.45
204,12882,55,14,55.14,12/13/20,NO,PHI,PHI,12,0.59,0.41,-143.90243902439,143.90243902439,1.69,2.44
205,12883,55,14,55.14,12/13/20,SF,WAS,WAS,12,0.98,0.02,-4900.0,4900.0,1.02,50
206,12884,55,14,55.14,12/13/20,SEA,NYJ,SEA,12,0.71,0.29,-244.827586206897,244.827586206897,1.41,3.45
207,12885,55,14,55.14,12/13/20,TB,MIN,TB,12,0.59,0.41,-143.90243902439,143.90243902439,1.69,2.44
208,12886,55,14,55.14,12/14/20,BAL,CLE,BAL,12,0.59,0.41,-143.90243902439,143.90243902439,1.69,2.44
209,12887,55,15,55.15,12/17/20,LVR,LAC,LAC,12,0.68,0.32,-212.5,212.5,1.47,3.12
210,12888,55,15,55.15,12/19/20,BUF,DEN,BUF,12,0.77,0.23,-334.782608695652,334.782608695652,1.3,4.35
211,12889,55,15,55.15,12/19/20,GB,CAR,GB,12,0.68,0.32,-212.5,212.5,1.47,3.12
212,12890,55,15,55.15,12/20/20,ARI,AZ,AZ,12,0.68,0.32,-212.5,212.5,1.47,3.12
213,12891,55,15,55.15,12/20/20,TB,ATL,TB,12,0.86,0.14,-614.285714285714,614.285714285714,1.16,7.14
214,12892,55,15,55.15,12/20/20,BAL,JAX,BAL,12,0.62,0.38,-163.157894736842,163.157894736842,1.61,2.63
215,12893,55,15,55.15,12/20/20,SF,DAL,DAL,12,0.71,0.29,-244.827586206897,244.827586206897,1.41,3.45
216,12894,55,15,55.15,12/20/20,IND,HOU,IND,12,0.99,0.01,-9899.99999999999,9900.0,1.01,100
217,12895,55,15,55.15,12/20/20,LAR,NYJ,NYJ,12,0.53,0.47,-112.765957446809,112.765957446809,1.89,2.13
218,12896,55,15,55.15,12/20/20,NE,MIA,MIA,12,0.59,0.41,-143.90243902439,143.90243902439,1.69,2.44
219,12897,55,15,55.15,12/20/20,MIN,CHI,CHI,12,0.56,0.44,-127.272727272727,127.272727272727,1.79,2.27
220,12898,55,15,55.15,12/20/20,KC,NO,KC,12,0.68,0.32,-212.5,212.5,1.47,3.12
221,12899,55,15,55.15,12/20/20,CLE,NYG,CLE,12,0.74,0.26,-284.615384615385,284.615384615385,1.35,3.85
222,12900,55,15,55.15,12/20/20,TEN,DET,TEN,12,0.68,0.32,-212.5,212.5,1.47,3.12
223,12901,55,15,55.15,12/20/20,SEA,WAS,SEA,12,0.92,0.08,-1150.0,1150.0,1.09,12.5
224,12902,55,15,55.15,12/21/20,PIT,CIN,CIN,12,0.68,0.32,-212.5,212.5,1.47,3.12
225,12903,55,16,55.16,12/25/20,NO,MIN,NO,12,0.68,0.32,-212.5,212.5,1.47,3.12
226,12904,55,16,55.16,12/26/20,ARI,AZ,SF,12,0.86,0.14,-614.285714285714,614.285714285714,1.16,7.14
227,12905,55,16,55.16,12/26/20,TB,DET,TB,12,0.56,0.44,-127.272727272727,127.272727272727,1.79,2.27
228,12906,55,16,55.16,12/26/20,MIA,LVR,MIA,12,0.77,0.23,-334.782608695652,334.782608695652,1.3,4.35
229,12907,55,16,55.16,12/27/20,BAL,NYG,BAL,12,0.59,0.41,-143.90243902439,143.90243902439,1.69,2.44
230,12908,55,16,55.16,12/27/20,PHI,DAL,DAL,12,0.59,0.41,-143.90243902439,143.90243902439,1.69,2.44
231,12909,55,16,55.16,12/27/20,GB,TEN,GB,12,0.71,0.29,-244.827586206897,244.827586206897,1.41,3.45
232,12910,55,16,55.16,12/27/20,HOU,CIN,CIN,12,0.77,0.23,-334.782608695652,334.782608695652,1.3,4.35
233,12911,55,16,55.16,12/27/20,CHI,JAX,CHI,12,0.83,0.17,-488.235294117647,488.235294117647,1.2,5.88
234,12912,55,16,55.16,12/27/20,KC,ATL,KC,12,0.56,0.44,-127.272727272727,127.272727272727,1.79,2.27
235,12913,55,16,55.16,12/27/20,LAC,DEN,LAC,12,0.68,0.32,-212.5,212.5,1.47,3.12
236,12914,55,16,55.16,12/27/20,CLE,NYJ,NYJ,12,0.53,0.47,-112.765957446809,112.765957446809,1.89,2.13
237,12915,55,16,55.16,12/27/20,IND,PIT,PIT,12,0.53,0.47,-112.765957446809,112.765957446809,1.89,2.13
238,12916,55,16,55.16,12/27/20,SEA,LAR,SEA,12,0.53,0.47,-112.765957446809,112.765957446809,1.89,2.13
239,12917,55,16,55.16,12/27/20,CAR,WAS,CAR,12,0.71,0.29,-244.827586206897,244.827586206897,1.41,3.45
240,12918,55,16,55.16,12/28/20,BUF,NE,BUF,12,0.59,0.41,-143.90243902439,143.90243902439,1.69,2.44
241,12919,55,17,55.17,1/3/21,MIA,BUF,BUF,12,0.68,0.32,-212.5,212.5,1.47,3.12
242,12920,55,17,55.17,1/3/21,NO,CAR,NO,12,0.62,0.38,-163.157894736842,163.157894736842,1.61,2.63
243,12921,55,17,55.17,1/3/21,GB,CHI,GB,12,0.89,0.11,-809.090909090909,809.090909090909,1.12,9.09
244,12922,55,17,55.17,1/3/21,BAL,CIN,BAL,12,0.8,0.2,-400.0,400.0,1.25,5
245,12923,55,17,55.17,1/3/21,CLE,PIT,CLE,12,0.56,0.44,-127.272727272727,127.272727272727,1.79,2.27
246,12924,55,17,55.17,1/3/21,LVR,DEN,LVR,12,0.59,0.41,-143.90243902439,143.90243902439,1.69,2.44
247,12925,55,17,55.17,1/3/21,MIN,DET,MIN,12,0.71,0.29,-244.827586206897,244.827586206897,1.41,3.45
248,12926,55,17,55.17,1/3/21,TEN,HOU,TEN,12,0.95,0.05,-1900.0,1900.0,1.05,20
249,12927,55,17,55.17,1/3/21,IND,JAX,IND,12,0.68,0.32,-212.5,212.5,1.47,3.12
250,12928,55,17,55.17,1/3/21,LAC,KC,LAC,12,0.53,0.47,-112.765957446809,112.765957446809,1.89,2.13
251,12929,55,17,55.17,1/3/21,LAR,AZ,LAR,12,0.59,0.41,-143.90243902439,143.90243902439,1.69,2.44
252,12930,55,17,55.17,1/3/21,NE,NYJ,NE,12,0.53,0.47,-112.765957446809,112.765957446809,1.89,2.13
253,12931,55,17,55.17,1/3/21,DAL,NYG,NYG,12,0.68,0.32,-212.5,212.5,1.47,3.12
254,12932,55,17,55.17,1/3/21,WAS,PHI,WAS,12,0.71,0.29,-244.827586206897,244.827586206897,1.41,3.45
255,12933,55,17,55.17,1/3/21,SEA,SF,SEA,12,0.71,0.29,-244.827586206897,244.827586206897,1.41,3.45
256,12934,55,17,55.17,1/3/21,TB,ATL,TB,12,0.71,0.29,-244.827586206897,244.827586206897,1.41,3.45
257,12935,55,Wildcard,55.Wildcard,1/9/21,BUF,IND,BUF,12,0.59,0.41,-143.90243902439,143.90243902439,1.69,2.44
258,12936,55,Wildcard,55.Wildcard,1/9/21,SEA,LAR,LAR,12,0.8,0.2,-400.0,400.0,1.25,5
259,12937,55,Wildcard,55.Wildcard,1/9/21,TB,WAS,TB,12,0.83,0.17,-488.235294117647,488.235294117647,1.2,5.88
260,12938,55,Wildcard,55.Wildcard,1/10/21,NO,CHI,NO,12,0.65,0.35,-185.714285714286,185.714285714286,1.54,2.86
261,12939,55,Wildcard,55.Wildcard,1/10/21,PIT,CLE,CLE,12,0.59,0.41,-143.90243902439,143.90243902439,1.69,2.44
262,12940,55,Wildcard,55.Wildcard,1/10/21,BAL,TEN,BAL,12,0.56,0.44,-127.272727272727,127.272727272727,1.79,2.27
263,12941,55,Division,55.Division,1/16/21,BUF,BAL,BUF,12,0.71,0.29,-244.827586206897,244.827586206897,1.41,3.45
264,12942,55,Division,55.Division,1/16/21,GB,LAR,GB,12,0.74,0.26,-284.615384615385,284.615384615385,1.35,3.85
265,12943,55,Division,55.Division,1/17/21,KC,CLE,KC,12,0.56,0.44,-127.272727272727,127.272727272727,1.79,2.27
266,12944,55,Division,55.Division,1/17/21,NO,TB,TB,12,0.59,0.41,-143.90243902439,143.90243902439,1.69,2.44
267,12945,55,Conference,55.Conference,1/24/21,GB,TB,TB,12,0.59,0.41,-143.90243902439,143.90243902439,1.69,2.44
268,12946,55,Conference,55.Conference,1/24/21,KC,BUF,KC,12,0.59,0.41,-143.90243902439,143.90243902439,1.69,2.44
269,12947,55,Superbowl,55.Superbowl,2/7/21,KC,TB,TB,12,0.71,0.29,-244.827586206897,244.827586206897,1.41,3.45
270,12948,56,1,56.1,9/9/21,TB,DAL,TB,12,0.59,0.41,-143.90243902439,143.90243902439,1.69,2.44
271,12949,56,1,56.1,9/12/21,ATL,PHI,PHI,12,0.68,0.32,-212.5,212.5,1.47,3.12
272,12950,56,1,56.1,9/12/21,BUF,PIT,PIT,12,0.65,0.35,-185.714285714286,185.714285714286,1.54,2.86
273,12951,56,1,56.1,9/12/21,CAR,NYJ,CAR,12,0.59,0.41,-143.90243902439,143.90243902439,1.69,2.44
274,12952,56,1,56.1,9/12/21,MIN,CIN,CIN,12,0.71,0.29,-244.827586206897,244.827586206897,1.41,3.45
275,12953,56,1,56.1,9/12/21,SF,DET,SF,12,0.59,0.41,-143.90243902439,143.90243902439,1.69,2.44
276,12954,56,1,56.1,9/12/21,JAX,HOU,HOU,12,0.56,0.44,-127.272727272727,127.272727272727,1.79,2.27
277,12955,56,1,56.1,9/12/21,SEA,IND,SEA,12,0.68,0.32,-212.5,212.5,1.47,3.12
278,12956,56,1,56.1,9/12/21,KC,CLE,KC,12,0.71,0.29,-244.827586206897,244.827586206897,1.41,3.45
279,12957,56,1,56.1,9/12/21,LAR,CHI,LAR,12,0.56,0.44,-127.272727272727,127.272727272727,1.79,2.27
280,12958,56,1,56.1,9/12/21,NE,MIA,MIA,12,0.62,0.38,-163.157894736842,163.157894736842,1.61,2.63
281,12959,56,1,56.1,9/12/21,GB,NO,NO,12,0.56,0.44,-127.272727272727,127.272727272727,1.79,2.27
282,12960,56,1,56.1,9/12/21,DEN,NYG,DEN,12,0.59,0.41,-143.90243902439,143.90243902439,1.69,2.44
283,12961,56,1,56.1,9/12/21,TEN,AZ,AZ,12,0.53,0.47,-112.765957446809,112.765957446809,1.89,2.13
284,12962,56,1,56.1,9/12/21,LAC,WAS,LAC,12,0.62,0.38,-163.157894736842,163.157894736842,1.61,2.63
285,12963,56,1,56.1,9/13/21,BAL,LVR,LVR,12,0.59,0.41,-143.90243902439,143.90243902439,1.69,2.44
286,12964,56,2,56.2,9/16/21,WAS,NYG,WAS,12,0.62,0.38,-163.157894736842,163.157894736842,1.61,2.63
287,12965,56,2,56.2,9/19/21,ARI,AZ,AZ,12,0.62,0.38,-163.157894736842,163.157894736842,1.61,2.63
288,12966,56,2,56.2,9/19/21,KC,BAL,BAL,12,0.59,0.41,-143.90243902439,143.90243902439,1.69,2.44
289,12967,56,2,56.2,9/19/21,NO,CAR,CAR,12,0.59,0.41,-143.90243902439,143.90243902439,1.69,2.44
290,12968,56,2,56.2,9/19/21,CHI,CIN,CHI,12,0.86,0.14,-614.285714285714,614.285714285714,1.16,7.14
291,12969,56,2,56.2,9/19/21,CLE,HOU,CLE,12,0.62,0.38,-163.157894736842,163.157894736842,1.61,2.63
292,12970,56,2,56.2,9/19/21,LAR,IND,LAR,12,0.68,0.32,-212.5,212.5,1.47,3.12
293,12971,56,2,56.2,9/19/21,DEN,JAX,DEN,12,0.59,0.41,-143.90243902439,143.90243902439,1.69,2.44
294,12972,56,2,56.2,9/19/21,LAC,DAL,DAL,12,0.59,0.41,-143.90243902439,143.90243902439,1.69,2.44
295,12973,56,2,56.2,9/19/21,BUF,MIA,BUF,12,0.65,0.35,-185.714285714286,185.714285714286,1.54,2.86
296,12974,56,2,56.2,9/19/21,NE,NYJ,NE,12,0.59,0.41,-143.90243902439,143.90243902439,1.69,2.44
297,12975,56,2,56.2,9/19/21,SF,PHI,SF,12,0.68,0.32,-212.5,212.5,1.47,3.12
298,12976,56,2,56.2,9/19/21,PIT,LVR,LVR,12,0.65,0.35,-185.714285714286,185.714285714286,1.54,2.86
299,12977,56,2,56.2,9/19/21,SEA,TEN,TEN,12,0.86,0.14,-614.285714285714,614.285714285714,1.16,7.14
300,12978,56,2,56.2,9/19/21,TB,ATL,TB,12,0.8,0.2,-400.0,400.0,1.25,5
301,12979,56,2,56.2,9/20/21,GB,DET,GB,12,0.74,0.26,-284.615384615385,284.615384615385,1.35,3.85
302,12980,56,3,56.3,9/23/21,CAR,HOU,CAR,12,0.71,0.29,-244.827586206897,244.827586206897,1.41,3.45
303,12981,56,3,56.3,9/26/21,BUF,WAS,BUF,12,0.71,0.29,-244.827586206897,244.827586206897,1.41,3.45
304,12982,56,3,56.3,9/26/21,CLE,CHI,CLE,12,0.8,0.2,-400.0,400.0,1.25,5
305,12983,56,3,56.3,9/26/21,DEN,NYJ,DEN,12,0.71,0.29,-244.827586206897,244.827586206897,1.41,3.45
306,12984,56,3,56.3,9/26/21,BAL,DET,BAL,12,0.74,0.26,-284.615384615385,284.615384615385,1.35,3.85
307,12985,56,3,56.3,9/26/21,ARI,JAX,AZ,12,0.71,0.29,-244.827586206897,244.827586206897,1.41,3.45
308,12986,56,3,56.3,9/26/21,KC,LAC,LAC,12,0.59,0.41,-143.90243902439,143.90243902439,1.69,2.44
309,12987,56,3,56.3,9/26/21,LVR,MIA,LVR,12,0.53,0.47,-112.765957446809,112.765957446809,1.89,2.13
310,12988,56,3,56.3,9/26/21,TB,LAR,LAR,12,0.56,0.44,-127.272727272727,127.272727272727,1.79,2.27
311,12989,56,3,56.3,9/26/21,SEA,MIN,MIN,12,0.59,0.41,-143.90243902439,143.90243902439,1.69,2.44
312,12990,56,3,56.3,9/26/21,NE,NO,NO,12,0.56,0.44,-127.272727272727,127.272727272727,1.79,2.27
313,12991,56,3,56.3,9/26/21,NYG,ATL,ATL,12,0.56,0.44,-127.272727272727,127.272727272727,1.79,2.27
314,12992,56,3,56.3,9/26/21,PIT,CIN,CIN,12,0.59,0.41,-143.90243902439,143.90243902439,1.69,2.44
315,12993,56,3,56.3,9/26/21,SF,GB,GB,12,0.65,0.35,-185.714285714286,185.714285714286,1.54,2.86
316,12994,56,3,56.3,9/26/21,TEN,IND,TEN,12,0.59,0.41,-143.90243902439,143.90243902439,1.69,2.44
317,12995,56,3,56.3,9/27/21,DAL,PHI,DAL,12,0.71,0.29,-244.827586206897,244.827586206897,1.41,3.45
318,12996,56,4,56.4,9/30/21,CIN,JAX,CIN,12,0.56,0.44,-127.272727272727,127.272727272727,1.79,2.27
319,12997,56,4,56.4,10/3/21,WAS,ATL,WAS,12,0.99,0.01,-9899.99999999999,9900.0,1.01,100
320,12998,56,4,56.4,10/3/21,BUF,HOU,BUF,12,0.59,0.41,-143.90243902439,143.90243902439,1.69,2.44
321,12999,56,4,56.4,10/3/21,CHI,DET,CHI,12,0.62,0.38,-163.157894736842,163.157894736842,1.61,2.63
322,13000,56,4,56.4,10/3/21,DAL,CAR,DAL,12,0.53,0.47,-112.765957446809,112.765957446809,1.89,2.13
323,13001,56,4,56.4,10/3/21,DEN,BAL,BAL,12,0.68,0.32,-212.5,212.5,1.47,3.12
324,13002,56,4,56.4,10/3/21,GB,PIT,GB,12,0.62,0.38,-163.157894736842,163.157894736842,1.61,2.63
325,13003,56,4,56.4,10/3/21,LAR,AZ,AZ,12,0.56,0.44,-127.272727272727,127.272727272727,1.79,2.27
326,13004,56,4,56.4,10/3/21,MIA,IND,IND,12,0.53,0.47,-112.765957446809,112.765957446809,1.89,2.13
327,13005,56,4,56.4,10/3/21,CLE,MIN,CLE,12,0.68,0.32,-212.5,212.5,1.47,3.12
328,13006,56,4,56.4,10/3/21,TB,NE,TB,12,0.71,0.29,-244.827586206897,244.827586206897,1.41,3.45
329,13007,56,4,56.4,10/3/21,NO,NYG,NYG,12,0.68,0.32,-212.5,212.5,1.47,3.12
330,13008,56,4,56.4,10/3/21,TEN,NYJ,NYJ,12,0.71,0.29,-244.827586206897,244.827586206897,1.41,3.45
331,13009,56,4,56.4,10/3/21,KC,PHI,KC,12,0.56,0.44,-127.272727272727,127.272727272727,1.79,2.27
332,13010,56,4,56.4,10/3/21,SF,SEA,SEA,12,0.59,0.41,-143.90243902439,143.90243902439,1.69,2.44
333,13011,56,4,56.4,10/4/21,LAC,LVR,LAC,12,0.56,0.44,-127.272727272727,127.272727272727,1.79,2.27
334,13012,56,5,56.5,10/7/21,LAR,SEA,LAR,12,0.68,0.32,-212.5,212.5,1.47,3.12
335,13013,56,5,56.5,10/10/21,ARI,AZ,AZ,12,0.59,0.41,-143.90243902439,143.90243902439,1.69,2.44
336,13014,56,5,56.5,10/10/21,ATL,NYJ,ATL,12,0.56,0.44,-127.272727272727,127.272727272727,1.79,2.27
337,13015,56,5,56.5,10/10/21,CAR,PHI,PHI,12,0.56,0.44,-127.272727272727,127.272727272727,1.79,2.27
338,13016,56,5,56.5,10/10/21,GB,CIN,GB,12,0.71,0.29,-244.827586206897,244.827586206897,1.41,3.45
339,13017,56,5,56.5,10/10/21,DAL,NYG,DAL,12,0.74,0.26,-284.615384615385,284.615384615385,1.35,3.85
340,13018,56,5,56.5,10/10/21,NE,HOU,NE,12,0.62,0.38,-163.157894736842,163.157894736842,1.61,2.63
341,13019,56,5,56.5,10/10/21,TEN,JAX,TEN,12,0.59,0.41,-143.90243902439,143.90243902439,1.69,2.44
342,13020,56,5,56.5,10/10/21,KC,BUF,BUF,12,0.65,0.35,-185.714285714286,185.714285714286,1.54,2.86
343,13021,56,5,56.5,10/10/21,LVR,CHI,CHI,12,0.56,0.44,-127.272727272727,127.272727272727,1.79,2.27
344,13022,56,5,56.5,10/10/21,LAC,CLE,LAC,12,0.8,0.2,-400.0,400.0,1.25,5
345,13023,56,5,56.5,10/10/21,MIN,DET,MIN,12,0.53,0.47,-112.765957446809,112.765957446809,1.89,2.13
346,13024,56,5,56.5,10/10/21,DEN,PIT,PIT,12,0.83,0.17,-488.235294117647,488.235294117647,1.2,5.88
347,13025,56,5,56.5,10/10/21,TB,MIA,TB,12,0.56,0.44,-127.272727272727,127.272727272727,1.79,2.27
348,13026,56,5,56.5,10/10/21,NO,WAS,NO,12,0.71,0.29,-244.827586206897,244.827586206897,1.41,3.45
349,13027,56,5,56.5,10/11/21,BAL,IND,BAL,12,0.71,0.29,-244.827586206897,244.827586206897,1.41,3.45
350,13028,56,6,56.6,10/14/21,TB,PHI,TB,12,0.59,0.41,-143.90243902439,143.90243902439,1.69,2.44
351,13029,56,6,56.6,10/17/21,BAL,LAC,BAL,12,0.56,0.44,-127.272727272727,127.272727272727,1.79,2.27
352,13030,56,6,56.6,10/17/21,MIN,CAR,MIN,12,0.65,0.35,-185.714285714286,185.714285714286,1.54,2.86
353,13031,56,6,56.6,10/17/21,GB,CHI,GB,12,0.59,0.41,-143.90243902439,143.90243902439,1.69,2.44
354,13032,56,6,56.6,10/17/21,CLE,AZ,AZ,12,0.65,0.35,-185.714285714286,185.714285714286,1.54,2.86
355,13033,56,6,56.6,10/17/21,DEN,LVR,LVR,12,0.59,0.41,-143.90243902439,143.90243902439,1.69,2.44
356,13034,56,6,56.6,10/17/21,CIN,DET,CIN,12,0.83,0.17,-488.235294117647,488.235294117647,1.2,5.88
357,13035,56,6,56.6,10/17/21,IND,HOU,IND,12,0.53,0.47,-112.765957446809,112.765957446809,1.89,2.13
358,13036,56,6,56.6,10/17/21,MIA,JAX,JAX,12,0.59,0.41,-143.90243902439,143.90243902439,1.69,2.44
359,13037,56,6,56.6,10/17/21,DAL,NE,DAL,12,0.71,0.29,-244.827586206897,244.827586206897,1.41,3.45
360,13038,56,6,56.6,10/17/21,LAR,NYG,LAR,12,0.65,0.35,-185.714285714286,185.714285714286,1.54,2.86
361,13039,56,6,56.6,10/17/21,PIT,SEA,PIT,12,0.68,0.32,-212.5,212.5,1.47,3.12
362,13040,56,6,56.6,10/17/21,KC,WAS,KC,12,0.68,0.32,-212.5,212.5,1.47,3.12
363,13041,56,6,56.6,10/18/21,BUF,TEN,TEN,12,0.56,0.44,-127.272727272727,127.272727272727,1.79,2.27
364,13042,56,7,56.7,10/21/21,CLE,DEN,CLE,12,0.99,0.01,-9899.99999999999,9900.0,1.01,100
365,13043,56,7,56.7,10/24/21,ARI,AZ,AZ,12,0.68,0.32,-212.5,212.5,1.47,3.12
366,13044,56,7,56.7,10/24/21,BAL,CIN,CIN,12,0.74,0.26,-284.615384615385,284.615384615385,1.35,3.85
367,13045,56,7,56.7,10/24/21,GB,WAS,GB,12,0.53,0.47,-112.765957446809,112.765957446809,1.89,2.13
368,13046,56,7,56.7,10/24/21,LVR,PHI,LVR,12,0.98,0.02,-4900.0,4900.0,1.02,50
369,13047,56,7,56.7,10/24/21,LAR,DET,LAR,12,0.53,0.47,-112.765957446809,112.765957446809,1.89,2.13
370,13048,56,7,56.7,10/24/21,ATL,MIA,ATL,12,0.71,0.29,-244.827586206897,244.827586206897,1.41,3.45
371,13049,56,7,56.7,10/24/21,NE,NYJ,NE,12,0.59,0.41,-143.90243902439,143.90243902439,1.69,2.44
372,13050,56,7,56.7,10/24/21,CAR,NYG,NYG,12,0.59,0.41,-143.90243902439,143.90243902439,1.69,2.44
373,13051,56,7,56.7,10/24/21,SF,IND,IND,12,0.86,0.14,-614.285714285714,614.285714285714,1.16,7.14
374,13052,56,7,56.7,10/24/21,TB,CHI,TB,12,0.62,0.38,-163.157894736842,163.157894736842,1.61,2.63
375,13053,56,7,56.7,10/24/21,KC,TEN,TEN,12,0.68,0.32,-212.5,212.5,1.47,3.12
376,13054,56,7,56.7,10/25/21,NO,SEA,NO,12,0.68,0.32,-212.5,212.5,1.47,3.12
377,13055,56,8,56.8,10/28/21,ARI,AZ,GB,12,0.56,0.44,-127.272727272727,127.272727272727,1.79,2.27
378,13056,56,8,56.8,10/31/21,ATL,CAR,CAR,12,0.95,0.05,-1900.0,1900.0,1.05,20
379,13057,56,8,56.8,10/31/21,BUF,MIA,BUF,12,0.62,0.38,-163.157894736842,163.157894736842,1.61,2.63
380,13058,56,8,56.8,10/31/21,SF,CHI,SF,12,0.65,0.35,-185.714285714286,185.714285714286,1.54,2.86
381,13059,56,8,56.8,10/31/21,CLE,PIT,PIT,12,0.62,0.38,-163.157894736842,163.157894736842,1.61,2.63
382,13060,56,8,56.8,10/31/21,DEN,WAS,DEN,12,0.59,0.41,-143.90243902439,143.90243902439,1.69,2.44
383,13061,56,8,56.8,10/31/21,PHI,DET,PHI,12,0.98,0.02,-4900.0,4900.0,1.02,50
384,13062,56,8,56.8,10/31/21,LAR,HOU,LAR,12,0.59,0.41,-143.90243902439,143.90243902439,1.69,2.44
385,13063,56,8,56.8,10/31/21,IND,TEN,TEN,12,0.59,0.41,-143.90243902439,143.90243902439,1.69,2.44
386,13064,56,8,56.8,10/31/21,LAC,NE,NE,12,0.62,0.38,-163.157894736842,163.157894736842,1.61,2.63
387,13065,56,8,56.8,10/31/21,MIN,DAL,DAL,12,0.62,0.38,-163.157894736842,163.157894736842,1.61,2.63
388,13066,56,8,56.8,10/31/21,TB,NO,NO,12,0.83,0.17,-488.235294117647,488.235294117647,1.2,5.88
389,13067,56,8,56.8,10/31/21,CIN,NYJ,NYJ,12,0.62,0.38,-163.157894736842,163.157894736842,1.61,2.63
390,13068,56,8,56.8,10/31/21,SEA,JAX,SEA,12,0.8,0.2,-400.0,400.0,1.25,5
391,13069,56,8,56.8,11/1/21,KC,NYG,KC,12,0.8,0.2,-400.0,400.0,1.25,5
392,13070,56,9,56.9,11/4/21,IND,NYJ,IND,12,0.71,0.29,-244.827586206897,244.827586206897,1.41,3.45
393,13071,56,9,56.9,11/7/21,BAL,MIN,BAL,12,0.59,0.41,-143.90243902439,143.90243902439,1.69,2.44
394,13072,56,9,56.9,11/7/21,NE,CAR,NE,12,0.56,0.44,-127.272727272727,127.272727272727,1.79,2.27
395,13073,56,9,56.9,11/7/21,CIN,CLE,CLE,12,0.8,0.2,-400.0,400.0,1.25,5
396,13074,56,9,56.9,11/7/21,DAL,DEN,DEN,12,0.92,0.08,-1150.0,1150.0,1.09,12.5
397,13075,56,9,56.9,11/7/21,BUF,JAX,JAX,12,0.71,0.29,-244.827586206897,244.827586206897,1.41,3.45
398,13076,56,9,56.9,11/7/21,KC,GB,KC,12,0.71,0.29,-244.827586206897,244.827586206897,1.41,3.45
399,13077,56,9,56.9,11/7/21,LAR,TEN,TEN,12,0.62,0.38,-163.157894736842,163.157894736842,1.61,2.63
400,13078,56,9,56.9,11/7/21,MIA,HOU,MIA,12,0.68,0.32,-212.5,212.5,1.47,3.12
401,13079,56,9,56.9,11/7/21,NO,ATL,ATL,12,0.59,0.41,-143.90243902439,143.90243902439,1.69,2.44
402,13080,56,9,56.9,11/7/21,LVR,NYG,NYG,12,0.53,0.47,-112.765957446809,112.765957446809,1.89,2.13
403,13081,56,9,56.9,11/7/21,LAC,PHI,LAC,12,0.65,0.35,-185.714285714286,185.714285714286,1.54,2.86
404,13082,56,9,56.9,11/7/21,SF,AZ,AZ,12,0.71,0.29,-244.827586206897,244.827586206897,1.41,3.45
405,13083,56,9,56.9,11/8/21,PIT,CHI,PIT,12,0.74,0.26,-284.615384615385,284.615384615385,1.35,3.85
406,13084,56,10,56.10,11/11/21,BAL,MIA,MIA,12,0.71,0.29,-244.827586206897,244.827586206897,1.41,3.45
407,13085,56,10,56.10,11/14/21,ARI,AZ,CAR,12,0.71,0.29,-244.827586206897,244.827586206897,1.41,3.45
408,13086,56,10,56.10,11/14/21,DAL,ATL,DAL,12,0.53,0.47,-112.765957446809,112.765957446809,1.89,2.13
409,13087,56,10,56.10,11/14/21,DEN,PHI,PHI,12,0.59,0.41,-143.90243902439,143.90243902439,1.69,2.44
410,13088,56,10,56.10,11/14/21,GB,SEA,GB,12,0.8,0.2,-400.0,400.0,1.25,5
411,13089,56,10,56.10,11/14/21,IND,JAX,IND,12,0.56,0.44,-127.272727272727,127.272727272727,1.79,2.27
412,13090,56,10,56.10,11/14/21,KC,LVR,KC,12,0.59,0.41,-143.90243902439,143.90243902439,1.69,2.44
413,13091,56,10,56.10,11/14/21,LAC,MIN,MIN,12,0.56,0.44,-127.272727272727,127.272727272727,1.79,2.27
414,13092,56,10,56.10,11/14/21,NE,CLE,NE,12,0.89,0.11,-809.090909090909,809.090909090909,1.12,9.09
415,13093,56,10,56.10,11/14/21,BUF,NYJ,BUF,12,0.68,0.32,-212.5,212.5,1.47,3.12
416,13094,56,10,56.10,11/14/21,PIT,DET,DET,12,0.59,0.41,-143.90243902439,143.90243902439,1.69,2.44
417,13095,56,10,56.10,11/14/21,TEN,NO,TEN,12,0.8,0.2,-400.0,400.0,1.25,5
418,13096,56,10,56.10,11/14/21,TB,WAS,WAS,12,0.59,0.41,-143.90243902439,143.90243902439,1.69,2.44
419,13097,56,10,56.10,11/15/21,LAR,SF,SF,12,0.71,0.29,-244.827586206897,244.827586206897,1.41,3.45
420,13098,56,11,56.11,11/18/21,NE,ATL,NE,12,0.71,0.29,-244.827586206897,244.827586206897,1.41,3.45
421,13099,56,11,56.11,11/21/21,BUF,IND,IND,12,0.59,0.41,-143.90243902439,143.90243902439,1.69,2.44
422,13100,56,11,56.11,11/21/21,CAR,WAS,WAS,12,0.53,0.47,-112.765957446809,112.765957446809,1.89,2.13
423,13101,56,11,56.11,11/21/21,BAL,CHI,BAL,12,0.89,0.11,-809.090909090909,809.090909090909,1.12,9.09
424,13102,56,11,56.11,11/21/21,CLE,DET,CLE,12,0.68,0.32,-212.5,212.5,1.47,3.12
425,13103,56,11,56.11,11/21/21,SF,JAX,SF,12,0.56,0.44,-127.272727272727,127.272727272727,1.79,2.27
426,13104,56,11,56.11,11/21/21,KC,DAL,KC,12,0.56,0.44,-127.272727272727,127.272727272727,1.79,2.27
427,13105,56,11,56.11,11/21/21,CIN,LVR,CIN,12,0.68,0.32,-212.5,212.5,1.47,3.12
428,13106,56,11,56.11,11/21/21,LAC,PIT,LAC,12,0.53,0.47,-112.765957446809,112.765957446809,1.89,2.13
429,13107,56,11,56.11,11/21/21,GB,MIN,MIN,12,0.59,0.41,-143.90243902439,143.90243902439,1.69,2.44
430,13108,56,11,56.11,11/21/21,MIA,NYJ,MIA,12,0.59,0.41,-143.90243902439,143.90243902439,1.69,2.44
431,13109,56,11,56.11,11/21/21,PHI,NO,PHI,12,0.62,0.38,-163.157894736842,163.157894736842,1.61,2.63
432,13110,56,11,56.11,11/21/21,SEA,AZ,AZ,12,0.8,0.2,-400.0,400.0,1.25,5
433,13111,56,11,56.11,11/21/21,TEN,HOU,HOU,12,0.83,0.17,-488.235294117647,488.235294117647,1.2,5.88
434,13112,56,11,56.11,11/22/21,TB,NYG,TB,12,0.71,0.29,-244.827586206897,244.827586206897,1.41,3.45
435,13113,56,12,56.12,11/25/21,DAL,LVR,LVR,12,0.56,0.44,-127.272727272727,127.272727272727,1.79,2.27
436,13114,56,12,56.12,11/25/21,CHI,DET,CHI,12,0.71,0.29,-244.827586206897,244.827586206897,1.41,3.45
437,13115,56,12,56.12,11/25/21,BUF,NO,BUF,12,0.59,0.41,-143.90243902439,143.90243902439,1.69,2.44
438,13116,56,12,56.12,11/28/21,BAL,CLE,BAL,12,0.59,0.41,-143.90243902439,143.90243902439,1.69,2.44
439,13117,56,12,56.12,11/28/21,CIN,PIT,CIN,12,0.59,0.41,-143.90243902439,143.90243902439,1.69,2.44
440,13118,56,12,56.12,11/28/21,LAC,DEN,DEN,12,0.56,0.44,-127.272727272727,127.272727272727,1.79,2.27
441,13119,56,12,56.12,11/28/21,LAR,GB,GB,12,0.59,0.41,-143.90243902439,143.90243902439,1.69,2.44
442,13120,56,12,56.12,11/28/21,HOU,NYJ,NYJ,12,0.59,0.41,-143.90243902439,143.90243902439,1.69,2.44
443,13121,56,12,56.12,11/28/21,TB,IND,TB,12,0.53,0.47,-112.765957446809,112.765957446809,1.89,2.13
444,13122,56,12,56.12,11/28/21,ATL,JAX,ATL,12,0.53,0.47,-112.765957446809,112.765957446809,1.89,2.13
445,13123,56,12,56.12,11/28/21,CAR,MIA,MIA,12,0.71,0.29,-244.827586206897,244.827586206897,1.41,3.45
446,13124,56,12,56.12,11/28/21,NE,TEN,NE,12,0.62,0.38,-163.157894736842,163.157894736842,1.61,2.63
447,13125,56,12,56.12,11/28/21,PHI,NYG,NYG,12,0.62,0.38,-163.157894736842,163.157894736842,1.61,2.63
448,13126,56,12,56.12,11/28/21,SF,MIN,SF,12,0.53,0.47,-112.765957446809,112.765957446809,1.89,2.13
449,13127,56,12,56.12,11/29/21,SEA,WAS,WAS,12,0.68,0.32,-212.5,212.5,1.47,3.12
450,13128,56,13,56.13,12/2/21,DAL,NO,DAL,12,0.8,0.2,-400.0,400.0,1.25,5
451,13129,56,13,56.13,12/5/21,TB,ATL,TB,12,0.71,0.29,-244.827586206897,244.827586206897,1.41,3.45
452,13130,56,13,56.13,12/5/21,ARI,CHI,AZ,12,0.56,0.44,-127.272727272727,127.272727272727,1.79,2.27
453,13131,56,13,56.13,12/5/21,CIN,LAC,LAC,12,0.71,0.29,-244.827586206897,244.827586206897,1.41,3.45
454,13132,56,13,56.13,12/5/21,MIN,DET,DET,12,0.8,0.2,-400.0,400.0,1.25,5
455,13133,56,13,56.13,12/5/21,IND,HOU,IND,12,0.74,0.26,-284.615384615385,284.615384615385,1.35,3.85
456,13134,56,13,56.13,12/5/21,KC,DEN,KC,12,0.53,0.47,-112.765957446809,112.765957446809,1.89,2.13
457,13135,56,13,56.13,12/5/21,LVR,WAS,WAS,12,0.92,0.08,-1150.0,1150.0,1.09,12.5
458,13136,56,13,56.13,12/5/21,LAR,JAX,LAR,12,0.71,0.29,-244.827586206897,244.827586206897,1.41,3.45
459,13137,56,13,56.13,12/5/21,MIA,NYG,MIA,12,0.65,0.35,-185.714285714286,185.714285714286,1.54,2.86
460,13138,56,13,56.13,12/5/21,PHI,NYJ,PHI,12,0.62,0.38,-163.157894736842,163.157894736842,1.61,2.63
461,13139,56,13,56.13,12/5/21,BAL,PIT,PIT,12,0.59,0.41,-143.90243902439,143.90243902439,1.69,2.44
462,13140,56,13,56.13,12/5/21,SF,SEA,SEA,12,0.59,0.41,-143.90243902439,143.90243902439,1.69,2.44
463,13141,56,13,56.13,12/6/21,BUF,NE,NE,12,0.59,0.41,-143.90243902439,143.90243902439,1.69,2.44
464,13142,56,14,56.14,12/9/21,MIN,PIT,MIN,12,0.56,0.44,-127.272727272727,127.272727272727,1.79,2.27
465,13143,56,14,56.14,12/12/21,CAR,ATL,ATL,12,0.53,0.47,-112.765957446809,112.765957446809,1.89,2.13
466,13144,56,14,56.14,12/12/21,SF,CIN,SF,12,0.59,0.41,-143.90243902439,143.90243902439,1.69,2.44
467,13145,56,14,56.14,12/12/21,CLE,BAL,CLE,12,0.86,0.14,-614.285714285714,614.285714285714,1.16,7.14
468,13146,56,14,56.14,12/12/21,DEN,DET,DEN,12,0.86,0.14,-614.285714285714,614.285714285714,1.16,7.14
469,13147,56,14,56.14,12/12/21,GB,CHI,GB,12,0.77,0.23,-334.782608695652,334.782608695652,1.3,4.35
470,13148,56,14,56.14,12/12/21,SEA,HOU,SEA,12,0.77,0.23,-334.782608695652,334.782608695652,1.3,4.35
471,13149,56,14,56.14,12/12/21,KC,LVR,KC,12,0.77,0.23,-334.782608695652,334.782608695652,1.3,4.35
472,13150,56,14,56.14,12/12/21,LAC,NYG,LAC,12,0.62,0.38,-163.157894736842,163.157894736842,1.61,2.63
473,13151,56,14,56.14,12/12/21,NO,NYJ,NO,12,0.59,0.41,-143.90243902439,143.90243902439,1.69,2.44
474,13152,56,14,56.14,12/12/21,TB,BUF,TB,12,0.74,0.26,-284.615384615385,284.615384615385,1.35,3.85
475,13153,56,14,56.14,12/12/21,TEN,JAX,TEN,12,0.68,0.32,-212.5,212.5,1.47,3.12
476,13154,56,14,56.14,12/12/21,DAL,WAS,DAL,12,0.59,0.41,-143.90243902439,143.90243902439,1.69,2.44
477,13155,56,14,56.14,12/13/21,ARI,AZ,LAR,12,0.59,0.41,-143.90243902439,143.90243902439,1.69,2.44
478,13156,56,15,56.15,12/16/21,KC,LAC,KC,12,0.53,0.47,-112.765957446809,112.765957446809,1.89,2.13
479,13157,56,15,56.15,12/18/21,IND,NE,IND,12,0.77,0.23,-334.782608695652,334.782608695652,1.3,4.35
480,13158,56,15,56.15,12/19/21,GB,BAL,GB,12,0.92,0.08,-1150.0,1150.0,1.09,12.5
481,13159,56,15,56.15,12/19/21,BUF,CAR,BUF,12,0.59,0.41,-143.90243902439,143.90243902439,1.69,2.44
482,13160,56,15,56.15,12/19/21,DEN,CIN,CIN,12,0.89,0.11,-809.090909090909,809.090909090909,1.12,9.09
483,13161,56,15,56.15,12/19/21,ARI,DET,DET,12,0.68,0.32,-212.5,212.5,1.47,3.12
484,13162,56,15,56.15,12/19/21,JAX,HOU,HOU,12,0.8,0.2,-400.0,400.0,1.25,5
485,13163,56,15,56.15,12/19/21,MIA,NYJ,MIA,12,0.86,0.14,-614.285714285714,614.285714285714,1.16,7.14
486,13164,56,15,56.15,12/19/21,DAL,NYG,DAL,12,0.53,0.47,-112.765957446809,112.765957446809,1.89,2.13
487,13165,56,15,56.15,12/19/21,PIT,TEN,PIT,12,0.77,0.23,-334.782608695652,334.782608695652,1.3,4.35
488,13166,56,15,56.15,12/19/21,SF,ATL,SF,12,0.83,0.17,-488.235294117647,488.235294117647,1.2,5.88
489,13167,56,15,56.15,12/19/21,TB,NO,NO,12,0.71,0.29,-244.827586206897,244.827586206897,1.41,3.45
490,13168,56,15,56.15,12/20/21,MIN,CHI,MIN,12,0.53,0.47,-112.765957446809,112.765957446809,1.89,2.13
491,13169,56,15,56.15,12/20/21,LVR,CLE,LVR,12,0.71,0.29,-244.827586206897,244.827586206897,1.41,3.45
492,13170,56,15,56.15,12/21/21,LAR,SEA,LAR,12,0.8,0.2,-400.0,400.0,1.25,5
493,13171,56,15,56.15,12/21/21,PHI,WAS,PHI,12,0.59,0.41,-143.90243902439,143.90243902439,1.69,2.44
494,13172,56,16,56.16,12/23/21,SF,TEN,TEN,12,0.59,0.41,-143.90243902439,143.90243902439,1.69,2.44
495,13173,56,16,56.16,12/25/21,ARI,AZ,IND,12,0.71,0.29,-244.827586206897,244.827586206897,1.41,3.45
496,13174,56,16,56.16,12/25/21,GB,CLE,GB,12,0.71,0.29,-244.827586206897,244.827586206897,1.41,3.45
497,13175,56,16,56.16,12/26/21,ATL,DET,ATL,12,0.83,0.17,-488.235294117647,488.235294117647,1.2,5.88
498,13176,56,16,56.16,12/26/21,TB,CAR,TB,12,0.71,0.29,-244.827586206897,244.827586206897,1.41,3.45
499,13177,56,16,56.16,12/26/21,CIN,BAL,CIN,12,0.8,0.2,-400.0,400.0,1.25,5
500,13178,56,16,56.16,12/26/21,DAL,WAS,DAL,12,0.89,0.11,-809.090909090909,809.090909090909,1.12,9.09
501,13179,56,16,56.16,12/26/21,LAC,HOU,HOU,12,0.8,0.2,-400.0,400.0,1.25,5
502,13180,56,16,56.16,12/26/21,KC,PIT,KC,12,0.53,0.47,-112.765957446809,112.765957446809,1.89,2.13
503,13181,56,16,56.16,12/26/21,DEN,LVR,LVR,12,0.59,0.41,-143.90243902439,143.90243902439,1.69,2.44
504,13182,56,16,56.16,12/26/21,LAR,MIN,LAR,12,0.53,0.47,-112.765957446809,112.765957446809,1.89,2.13
505,13183,56,16,56.16,12/26/21,NE,BUF,BUF,12,0.56,0.44,-127.272727272727,127.272727272727,1.79,2.27
506,13184,56,16,56.16,12/26/21,NYJ,JAX,NYJ,12,0.83,0.17,-488.235294117647,488.235294117647,1.2,5.88
507,13185,56,16,56.16,12/26/21,PHI,NYG,PHI,12,0.71,0.29,-244.827586206897,244.827586206897,1.41,3.45
508,13186,56,16,56.16,12/26/21,SEA,CHI,CHI,12,0.59,0.41,-143.90243902439,143.90243902439,1.69,2.44
509,13187,56,16,56.16,12/27/21,MIA,NO,MIA,12,0.71,0.29,-244.827586206897,244.827586206897,1.41,3.45
510,13188,56,17,56.17,1/2/22,LAR,BAL,LAR,12,0.92,0.08,-1150.0,1150.0,1.09,12.5
511,13189,56,17,56.17,1/2/22,BUF,ATL,BUF,12,0.68,0.32,-212.5,212.5,1.47,3.12
512,13190,56,17,56.17,1/2/22,CHI,NYG,CHI,12,0.59,0.41,-143.90243902439,143.90243902439,1.69,2.44
513,13191,56,17,56.17,1/2/22,KC,CIN,CIN,12,0.68,0.32,-212.5,212.5,1.47,3.12
514,13192,56,17,56.17,1/2/22,DAL,AZ,AZ,12,0.89,0.11,-809.090909090909,809.090909090909,1.12,9.09
515,13193,56,17,56.17,1/2/22,GB,MIN,GB,12,0.74,0.26,-284.615384615385,284.615384615385,1.35,3.85
516,13194,56,17,56.17,1/2/22,IND,LVR,LVR,12,0.71,0.29,-244.827586206897,244.827586206897,1.41,3.45
517,13195,56,17,56.17,1/2/22,LAC,DEN,LAC,12,0.99,0.01,-9899.99999999999,9900.0,1.01,100
518,13196,56,17,56.17,1/2/22,NE,JAX,NE,12,0.71,0.29,-244.827586206897,244.827586206897,1.41,3.45
519,13197,56,17,56.17,1/2/22,NO,CAR,NO,12,0.92,0.08,-1150.0,1150.0,1.09,12.5
520,13198,56,17,56.17,1/2/22,TB,NYJ,TB,12,0.89,0.11,-809.090909090909,809.090909090909,1.12,9.09
521,13199,56,17,56.17,1/2/22,SF,HOU,SF,12,0.74,0.26,-284.615384615385,284.615384615385,1.35,3.85
522,13200,56,17,56.17,1/2/22,SEA,DET,SEA,12,0.59,0.41,-143.90243902439,143.90243902439,1.69,2.44
523,13201,56,17,56.17,1/2/22,TEN,MIA,TEN,12,0.62,0.38,-163.157894736842,163.157894736842,1.61,2.63
524,13202,56,17,56.17,1/2/22,PHI,WAS,PHI,12,0.56,0.44,-127.272727272727,127.272727272727,1.79,2.27
525,13203,56,17,56.17,1/3/22,PIT,CLE,PIT,12,0.83,0.17,-488.235294117647,488.235294117647,1.2,5.88
526,13204,56,18,56.18,1/8/22,KC,DEN,KC,12,0.68,0.32,-212.5,212.5,1.47,3.12
527,13205,56,18,56.18,1/8/22,DAL,PHI,DAL,12,0.65,0.35,-185.714285714286,185.714285714286,1.54,2.86
528,13206,56,18,56.18,1/9/22,ARI,AZ,SEA,12,0.62,0.38,-163.157894736842,163.157894736842,1.61,2.63
529,13207,56,18,56.18,1/9/22,NO,ATL,NO,12,0.59,0.41,-143.90243902439,143.90243902439,1.69,2.44
530,13208,56,18,56.18,1/9/22,BAL,PIT,PIT,12,0.98,0.02,-4900.0,4900.0,1.02,50
531,13209,56,18,56.18,1/9/22,BUF,NYJ,BUF,12,0.68,0.32,-212.5,212.5,1.47,3.12
532,13210,56,18,56.18,1/9/22,CLE,CIN,CLE,12,0.62,0.38,-163.157894736842,163.157894736842,1.61,2.63
533,13211,56,18,56.18,1/9/22,GB,DET,DET,12,0.8,0.2,-400.0,400.0,1.25,5
534,13212,56,18,56.18,1/9/22,TEN,HOU,TEN,12,0.92,0.08,-1150.0,1150.0,1.09,12.5
535,13213,56,18,56.18,1/9/22,IND,JAX,JAX,12,0.59,0.41,-143.90243902439,143.90243902439,1.69,2.44
536,13214,56,18,56.18,1/9/22,LAC,LVR,LVR,12,0.59,0.41,-143.90243902439,143.90243902439,1.69,2.44
537,13215,56,18,56.18,1/9/22,SF,LAR,SF,12,0.68,0.32,-212.5,212.5,1.47,3.12
538,13216,56,18,56.18,1/9/22,NE,MIA,MIA,12,0.59,0.41,-143.90243902439,143.90243902439,1.69,2.44
539,13217,56,18,56.18,1/9/22,MIN,CHI,MIN,12,0.68,0.32,-212.5,212.5,1.47,3.12
540,13218,56,18,56.18,1/9/22,WAS,NYG,WAS,12,0.8,0.2,-400.0,400.0,1.25,5
541,13219,56,18,56.18,1/9/22,TB,CAR,TB,12,0.62,0.38,-163.157894736842,163.157894736842,1.61,2.63
542,13220,56,Wildcard,56.Wildcard,1/15/22,BUF,NE,BUF,12,0.68,0.32,-212.5,212.5,1.47,3.12
543,13221,56,Wildcard,56.Wildcard,1/15/22,CIN,LVR,CIN,12,0.59,0.41,-143.90243902439,143.90243902439,1.69,2.44
544,13222,56,Wildcard,56.Wildcard,1/16/22,DAL,SF,SF,12,0.86,0.14,-614.285714285714,614.285714285714,1.16,7.14
545,13223,56,Wildcard,56.Wildcard,1/16/22,KC,PIT,KC,12,0.71,0.29,-244.827586206897,244.827586206897,1.41,3.45
546,13224,56,Wildcard,56.Wildcard,1/16/22,TB,PHI,TB,12,0.59,0.41,-143.90243902439,143.90243902439,1.69,2.44
547,13225,56,Wildcard,56.Wildcard,1/17/22,LAR,AZ,LAR,12,0.65,0.35,-185.714285714286,185.714285714286,1.54,2.86
548,13226,56,Division,56.Division,1/22/22,GB,SF,SF,12,0.62,0.38,-163.157894736842,163.157894736842,1.61,2.63
549,13227,56,Division,56.Division,1/22/22,TEN,CIN,CIN,12,0.56,0.44,-127.272727272727,127.272727272727,1.79,2.27
550,13228,56,Division,56.Division,1/23/22,KC,BUF,KC,12,0.59,0.41,-143.90243902439,143.90243902439,1.69,2.44
551,13229,56,Division,56.Division,1/23/22,TB,LAR,LAR,12,0.71,0.29,-244.827586206897,244.827586206897,1.41,3.45
552,13230,56,Conference,56.Conference,1/30/22,KC,CIN,CIN,12,0.59,0.41,-143.90243902439,143.90243902439,1.69,2.44
553,13231,56,Conference,56.Conference,1/30/22,LAR,SF,LAR,12,0.62,0.38,-163.157894736842,163.157894736842,1.61,2.63
554,13232,56,Superbowl,56.Superbowl,2/13/22,LAR,CIN,LAR,12,0.56,0.44,-127.272727272727,127.272727272727,1.79,2.27
555,13233,57,1,57.1,9/8/22,BUF,LAR,BUF,12,0.68,0.32,-212.5,212.5,1.47,3.12
556,13234,57,1,57.1,9/11/22,KC,AZ,KC,12,0.65,0.35,-185.714285714286,185.714285714286,1.54,2.86
557,13235,57,1,57.1,9/11/22,NO,ATL,NO,12,0.53,0.47,-112.765957446809,112.765957446809,1.89,2.13
558,13236,57,1,57.1,9/11/22,CAR,CLE,CLE,12,0.68,0.32,-212.5,212.5,1.47,3.12
559,13237,57,1,57.1,9/11/22,SF,CHI,CHI,12,0.71,0.29,-244.827586206897,244.827586206897,1.41,3.45
560,13238,57,1,57.1,9/11/22,CIN,PIT,PIT,12,0.56,0.44,-127.272727272727,127.272727272727,1.79,2.27
561,13239,57,1,57.1,9/11/22,TB,DAL,TB,12,0.65,0.35,-185.714285714286,185.714285714286,1.54,2.86
562,13240,57,1,57.1,9/11/22,PHI,DET,PHI,12,0.71,0.29,-244.827586206897,244.827586206897,1.41,3.45
563,13241,57,1,57.1,9/11/22,IND,HOU,IND,12,0.59,0.41,-143.90243902439,143.90243902439,1.69,2.44
564,13242,57,1,57.1,9/11/22,LAC,LVR,LAC,12,0.59,0.41,-143.90243902439,143.90243902439,1.69,2.44
565,13243,57,1,57.1,9/11/22,MIA,NE,MIA,12,0.56,0.44,-127.272727272727,127.272727272727,1.79,2.27
566,13244,57,1,57.1,9/11/22,MIN,GB,MIN,12,0.68,0.32,-212.5,212.5,1.47,3.12
567,13245,57,1,57.1,9/11/22,BAL,NYJ,BAL,12,0.65,0.35,-185.714285714286,185.714285714286,1.54,2.86
568,13246,57,1,57.1,9/11/22,TEN,NYG,NYG,12,0.59,0.41,-143.90243902439,143.90243902439,1.69,2.44
569,13247,57,1,57.1,9/11/22,WAS,JAX,WAS,12,0.68,0.32,-212.5,212.5,1.47,3.12
570,13248,57,1,57.1,9/12/22,DEN,SEA,SEA,12,0.62,0.38,-163.157894736842,163.157894736842,1.61,2.63
571,13249,57,2,57.2,9/15/22,KC,LAC,KC,12,0.59,0.41,-143.90243902439,143.90243902439,1.69,2.44
572,13250,57,2,57.2,9/18/22,BAL,MIA,MIA,12,0.68,0.32,-212.5,212.5,1.47,3.12
573,13251,57,2,57.2,9/18/22,CLE,NYJ,NYJ,12,0.71,0.29,-244.827586206897,244.827586206897,1.41,3.45
574,13252,57,2,57.2,9/18/22,CIN,DAL,DAL,12,0.8,0.2,-400.0,400.0,1.25,5
575,13253,57,2,57.2,9/18/22,DEN,HOU,DEN,12,0.53,0.47,-112.765957446809,112.765957446809,1.89,2.13
576,13254,57,2,57.2,9/18/22,DET,WAS,DET,12,0.8,0.2,-400.0,400.0,1.25,5
577,13255,57,2,57.2,9/18/22,GB,CHI,GB,12,0.59,0.41,-143.90243902439,143.90243902439,1.69,2.44
578,13256,57,2,57.2,9/18/22,IND,JAX,JAX,12,0.65,0.35,-185.714285714286,185.714285714286,1.54,2.86
579,13257,57,2,57.2,9/18/22,LVR,AZ,AZ,12,0.8,0.2,-400.0,400.0,1.25,5
580,13258,57,2,57.2,9/18/22,LAR,ATL,LAR,12,0.56,0.44,-127.272727272727,127.272727272727,1.79,2.27
581,13259,57,2,57.2,9/18/22,TB,NO,TB,12,0.53,0.47,-112.765957446809,112.765957446809,1.89,2.13
582,13260,57,2,57.2,9/18/22,CAR,NYG,NYG,12,0.59,0.41,-143.90243902439,143.90243902439,1.69,2.44
583,13261,57,2,57.2,9/18/22,NE,PIT,NE,12,0.74,0.26,-284.615384615385,284.615384615385,1.35,3.85
584,13262,57,2,57.2,9/18/22,SF,SEA,SF,12,0.8,0.2,-400.0,400.0,1.25,5
585,13263,57,2,57.2,9/19/22,BUF,TEN,BUF,12,0.56,0.44,-127.272727272727,127.272727272727,1.79,2.27
586,13264,57,2,57.2,9/19/22,PHI,MIN,PHI,12,0.62,0.38,-163.157894736842,163.157894736842,1.61,2.63
587,13265,57,3,57.3,9/22/22,CLE,PIT,CLE,12,0.59,0.41,-143.90243902439,143.90243902439,1.69,2.44
588,13266,57,3,57.3,9/25/22,LAR,AZ,LAR,12,0.56,0.44,-127.272727272727,127.272727272727,1.79,2.27
589,13267,57,3,57.3,9/25/22,NO,CAR,CAR,12,0.59,0.41,-143.90243902439,143.90243902439,1.69,2.44
590,13268,57,3,57.3,9/25/22,CHI,HOU,CHI,12,0.53,0.47,-112.765957446809,112.765957446809,1.89,2.13
591,13269,57,3,57.3,9/25/22,SF,DEN,DEN,12,0.65,0.35,-185.714285714286,185.714285714286,1.54,2.86
592,13270,57,3,57.3,9/25/22,KC,IND,IND,12,0.68,0.32,-212.5,212.5,1.47,3.12
593,13271,57,3,57.3,9/25/22,LAC,JAX,JAX,12,0.62,0.38,-163.157894736842,163.157894736842,1.61,2.63
594,13272,57,3,57.3,9/25/22,BUF,MIA,MIA,12,0.68,0.32,-212.5,212.5,1.47,3.12
595,13273,57,3,57.3,9/25/22,MIN,DET,MIN,12,0.56,0.44,-127.272727272727,127.272727272727,1.79,2.27
596,13274,57,3,57.3,9/25/22,BAL,NE,BAL,12,0.68,0.32,-212.5,212.5,1.47,3.12
597,13275,57,3,57.3,9/25/22,CIN,NYJ,CIN,12,0.53,0.47,-112.765957446809,112.765957446809,1.89,2.13
598,13276,57,3,57.3,9/25/22,SEA,ATL,ATL,12,0.53,0.47,-112.765957446809,112.765957446809,1.89,2.13
599,13277,57,3,57.3,9/25/22,TB,GB,GB,12,0.56,0.44,-127.272727272727,127.272727272727,1.79,2.27
600,13278,57,3,57.3,9/25/22,LVR,TEN,TEN,12,0.68,0.32,-212.5,212.5,1.47,3.12
601,13279,57,3,57.3,9/25/22,PHI,WAS,PHI,12,0.53,0.47,-112.765957446809,112.765957446809,1.89,2.13
602,13280,57,3,57.3,9/26/22,NYG,DAL,DAL,12,0.62,0.38,-163.157894736842,163.157894736842,1.61,2.63
603,13281,57,4,57.4,9/29/22,CIN,MIA,CIN,12,0.53,0.47,-112.765957446809,112.765957446809,1.89,2.13
604,13282,57,4,57.4,10/2/22,CLE,ATL,ATL,12,0.59,0.41,-143.90243902439,143.90243902439,1.69,2.44
605,13283,57,4,57.4,10/2/22,BUF,BAL,BUF,12,0.53,0.47,-112.765957446809,112.765957446809,1.89,2.13
606,13284,57,4,57.4,10/2/22,CAR,AZ,AZ,12,0.59,0.41,-143.90243902439,143.90243902439,1.69,2.44
607,13285,57,4,57.4,10/2/22,DAL,WAS,DAL,12,0.59,0.41,-143.90243902439,143.90243902439,1.69,2.44
608,13286,57,4,57.4,10/2/22,DET,SEA,SEA,12,0.77,0.23,-334.782608695652,334.782608695652,1.3,4.35
609,13287,57,4,57.4,10/2/22,GB,NE,GB,12,0.65,0.35,-185.714285714286,185.714285714286,1.54,2.86
610,13288,57,4,57.4,10/2/22,LAC,HOU,LAC,12,0.59,0.41,-143.90243902439,143.90243902439,1.69,2.44
611,13289,57,4,57.4,10/2/22,IND,TEN,TEN,12,0.56,0.44,-127.272727272727,127.272727272727,1.79,2.27
612,13290,57,4,57.4,10/2/22,LVR,DEN,LVR,12,0.62,0.38,-163.157894736842,163.157894736842,1.61,2.63
613,13291,57,4,57.4,10/2/22,MIN,NO,MIN,12,0.59,0.41,-143.90243902439,143.90243902439,1.69,2.44
614,13292,57,4,57.4,10/2/22,NYG,CHI,NYG,12,0.68,0.32,-212.5,212.5,1.47,3.12
615,13293,57,4,57.4,10/2/22,PHI,JAX,PHI,12,0.59,0.41,-143.90243902439,143.90243902439,1.69,2.44
616,13294,57,4,57.4,10/2/22,PIT,NYJ,NYJ,12,0.53,0.47,-112.765957446809,112.765957446809,1.89,2.13
617,13295,57,4,57.4,10/2/22,TB,KC,KC,12,0.53,0.47,-112.765957446809,112.765957446809,1.89,2.13
618,13296,57,4,57.4,10/3/22,SF,LAR,SF,12,0.59,0.41,-143.90243902439,143.90243902439,1.69,2.44
619,13297,57,5,57.5,10/6/22,DEN,IND,IND,12,0.65,0.35,-185.714285714286,185.714285714286,1.54,2.86
620,13298,57,5,57.5,10/9/22,PHI,AZ,PHI,12,0.59,0.41,-143.90243902439,143.90243902439,1.69,2.44
621,13299,57,5,57.5,10/9/22,BAL,CIN,BAL,12,0.92,0.08,-1150.0,1150.0,1.09,12.5
622,13300,57,5,57.5,10/9/22,BUF,PIT,BUF,12,0.68,0.32,-212.5,212.5,1.47,3.12
623,13301,57,5,57.5,10/9/22,SF,CAR,SF,12,0.53,0.47,-112.765957446809,112.765957446809,1.89,2.13
624,13302,57,5,57.5,10/9/22,LAC,CLE,LAC,12,0.77,0.23,-334.782608695652,334.782608695652,1.3,4.35
625,13303,57,5,57.5,10/9/22,GB,NYG,NYG,12,0.71,0.29,-244.827586206897,244.827586206897,1.41,3.45
626,13304,57,5,57.5,10/9/22,JAX,HOU,HOU,12,0.65,0.35,-185.714285714286,185.714285714286,1.54,2.86
627,13305,57,5,57.5,10/9/22,LAR,DAL,DAL,12,0.74,0.26,-284.615384615385,284.615384615385,1.35,3.85
628,13306,57,5,57.5,10/9/22,MIN,CHI,MIN,12,0.59,0.41,-143.90243902439,143.90243902439,1.69,2.44
629,13307,57,5,57.5,10/9/22,NE,DET,NE,12,0.65,0.35,-185.714285714286,185.714285714286,1.54,2.86
630,13308,57,5,57.5,10/9/22,NO,SEA,NO,12,0.59,0.41,-143.90243902439,143.90243902439,1.69,2.44
631,13309,57,5,57.5,10/9/22,MIA,NYJ,NYJ,12,0.8,0.2,-400.0,400.0,1.25,5
632,13310,57,5,57.5,10/9/22,TB,ATL,TB,12,0.53,0.47,-112.765957446809,112.765957446809,1.89,2.13
633,13311,57,5,57.5,10/9/22,TEN,WAS,TEN,12,0.71,0.29,-244.827586206897,244.827586206897,1.41,3.45
634,13312,57,5,57.5,10/10/22,KC,LVR,KC,12,0.53,0.47,-112.765957446809,112.765957446809,1.89,2.13
635,13313,57,6,57.6,10/13/22,WAS,CHI,WAS,12,0.62,0.38,-163.157894736842,163.157894736842,1.61,2.63
636,13314,57,6,57.6,10/16/22,SF,ATL,ATL,12,0.56,0.44,-127.272727272727,127.272727272727,1.79,2.27
637,13315,57,6,57.6,10/16/22,CLE,NE,NE,12,0.71,0.29,-244.827586206897,244.827586206897,1.41,3.45
638,13316,57,6,57.6,10/16/22,GB,NYJ,NYJ,12,0.53,0.47,-112.765957446809,112.765957446809,1.89,2.13
639,13317,57,6,57.6,10/16/22,IND,JAX,IND,12,0.56,0.44,-127.272727272727,127.272727272727,1.79,2.27
640,13318,57,6,57.6,10/16/22,BUF,KC,BUF,12,0.8,0.2,-400.0,400.0,1.25,5
641,13319,57,6,57.6,10/16/22,LAR,CAR,LAR,12,0.59,0.41,-143.90243902439,143.90243902439,1.69,2.44
642,13320,57,6,57.6,10/16/22,MIN,MIA,MIN,12,0.59,0.41,-143.90243902439,143.90243902439,1.69,2.44
643,13321,57,6,57.6,10/16/22,CIN,NO,CIN,12,0.65,0.35,-185.714285714286,185.714285714286,1.54,2.86
644,13322,57,6,57.6,10/16/22,BAL,NYG,NYG,12,0.68,0.32,-212.5,212.5,1.47,3.12
645,13323,57,6,57.6,10/16/22,PHI,DAL,PHI,12,0.8,0.2,-400.0,400.0,1.25,5
646,13324,57,6,57.6,10/16/22,TB,PIT,PIT,12,0.56,0.44,-127.272727272727,127.272727272727,1.79,2.27
647,13325,57,6,57.6,10/16/22,ARI,SEA,SEA,12,0.62,0.38,-163.157894736842,163.157894736842,1.61,2.63
648,13326,57,6,57.6,10/17/22,LAC,DEN,LAC,12,0.56,0.44,-127.272727272727,127.272727272727,1.79,2.27
649,13327,57,7,57.7,10/20/22,ARI,AZ,AZ,12,0.68,0.32,-212.5,212.5,1.47,3.12
650,13328,57,7,57.7,10/23/22,BAL,CLE,BAL,12,0.89,0.11,-809.090909090909,809.090909090909,1.12,9.09
651,13329,57,7,57.7,10/23/22,TB,CAR,CAR,12,0.68,0.32,-212.5,212.5,1.47,3.12
652,13330,57,7,57.7,10/23/22,CIN,ATL,CIN,12,0.71,0.29,-244.827586206897,244.827586206897,1.41,3.45
653,13331,57,7,57.7,10/23/22,DAL,DET,DAL,12,0.56,0.44,-127.272727272727,127.272727272727,1.79,2.27
654,13332,57,7,57.7,10/23/22,NYJ,DEN,NYJ,12,0.59,0.41,-143.90243902439,143.90243902439,1.69,2.44
655,13333,57,7,57.7,10/23/22,JAX,NYG,NYG,12,0.71,0.29,-244.827586206897,244.827586206897,1.41,3.45
656,13334,57,7,57.7,10/23/22,LVR,HOU,LVR,12,0.62,0.38,-163.157894736842,163.157894736842,1.61,2.63
657,13335,57,7,57.7,10/23/22,LAC,SEA,SEA,12,0.71,0.29,-244.827586206897,244.827586206897,1.41,3.45
658,13336,57,7,57.7,10/23/22,MIA,PIT,MIA,12,0.53,0.47,-112.765957446809,112.765957446809,1.89,2.13
659,13337,57,7,57.7,10/23/22,KC,SF,KC,12,0.56,0.44,-127.272727272727,127.272727272727,1.79,2.27
660,13338,57,7,57.7,10/23/22,TEN,IND,TEN,12,0.62,0.38,-163.157894736842,163.157894736842,1.61,2.63
661,13339,57,7,57.7,10/23/22,GB,WAS,WAS,12,0.74,0.26,-284.615384615385,284.615384615385,1.35,3.85
662,13340,57,7,57.7,10/24/22,NE,CHI,CHI,12,0.56,0.44,-127.272727272727,127.272727272727,1.79,2.27
663,13341,57,8,57.8,10/27/22,TB,BAL,BAL,12,0.62,0.38,-163.157894736842,163.157894736842,1.61,2.63
664,13342,57,8,57.8,10/30/22,ATL,CAR,ATL,12,0.8,0.2,-400.0,400.0,1.25,5
665,13343,57,8,57.8,10/30/22,BUF,GB,BUF,12,0.8,0.2,-400.0,400.0,1.25,5
666,13344,57,8,57.8,10/30/22,DAL,CHI,DAL,12,0.59,0.41,-143.90243902439,143.90243902439,1.69,2.44
667,13345,57,8,57.8,10/30/22,MIA,DET,MIA,12,0.53,0.47,-112.765957446809,112.765957446809,1.89,2.13
668,13346,57,8,57.8,10/30/22,TEN,HOU,TEN,12,0.59,0.41,-143.90243902439,143.90243902439,1.69,2.44
669,13347,57,8,57.8,10/30/22,IND,WAS,WAS,12,0.53,0.47,-112.765957446809,112.765957446809,1.89,2.13
670,13348,57,8,57.8,10/30/22,JAX,DEN,DEN,12,0.53,0.47,-112.765957446809,112.765957446809,1.89,2.13
671,13349,57,8,57.8,10/30/22,LAR,SF,SF,12,0.62,0.38,-163.157894736842,163.157894736842,1.61,2.63
672,13350,57,8,57.8,10/30/22,MIN,AZ,MIN,12,0.53,0.47,-112.765957446809,112.765957446809,1.89,2.13
673,13351,57,8,57.8,10/30/22,LVR,NO,NO,12,0.59,0.41,-143.90243902439,143.90243902439,1.69,2.44
674,13352,57,8,57.8,10/30/22,NE,NYJ,NE,12,0.83,0.17,-488.235294117647,488.235294117647,1.2,5.88
675,13353,57,8,57.8,10/30/22,PHI,PIT,PHI,12,0.59,0.41,-143.90243902439,143.90243902439,1.69,2.44
676,13354,57,8,57.8,10/30/22,SEA,NYG,SEA,12,0.59,0.41,-143.90243902439,143.90243902439,1.69,2.44
677,13355,57,8,57.8,10/31/22,CIN,CLE,CLE,12,0.92,0.08,-1150.0,1150.0,1.09,12.5
678,13356,57,9,57.9,11/3/22,PHI,HOU,PHI,12,0.56,0.44,-127.272727272727,127.272727272727,1.79,2.27
679,13357,57,9,57.9,11/6/22,ARI,AZ,SEA,12,0.56,0.44,-127.272727272727,127.272727272727,1.79,2.27
680,13358,57,9,57.9,11/6/22,LAC,ATL,LAC,12,0.62,0.38,-163.157894736842,163.157894736842,1.61,2.63
681,13359,57,9,57.9,11/6/22,MIA,CHI,MIA,12,0.71,0.29,-244.827586206897,244.827586206897,1.41,3.45
682,13360,57,9,57.9,11/6/22,CIN,CAR,CIN,12,0.62,0.38,-163.157894736842,163.157894736842,1.61,2.63
683,13361,57,9,57.9,11/6/22,GB,DET,DET,12,0.56,0.44,-127.272727272727,127.272727272727,1.79,2.27
684,13362,57,9,57.9,11/6/22,LVR,JAX,JAX,12,0.92,0.08,-1150.0,1150.0,1.09,12.5
685,13363,57,9,57.9,11/6/22,KC,TEN,KC,12,0.65,0.35,-185.714285714286,185.714285714286,1.54,2.86
686,13364,57,9,57.9,11/6/22,NE,IND,NE,12,0.8,0.2,-400.0,400.0,1.25,5
687,13365,57,9,57.9,11/6/22,BUF,NYJ,NYJ,12,0.59,0.41,-143.90243902439,143.90243902439,1.69,2.44
688,13366,57,9,57.9,11/6/22,TB,LAR,TB,12,0.59,0.41,-143.90243902439,143.90243902439,1.69,2.44
689,13367,57,9,57.9,11/6/22,MIN,WAS,MIN,12,0.53,0.47,-112.765957446809,112.765957446809,1.89,2.13
690,13368,57,9,57.9,11/7/22,BAL,NO,BAL,12,0.56,0.44,-127.272727272727,127.272727272727,1.79,2.27
691,13369,57,10,57.10,11/10/22,ATL,CAR,CAR,12,0.68,0.32,-212.5,212.5,1.47,3.12
692,13370,57,10,57.10,11/13/22,BUF,MIN,MIN,12,0.59,0.41,-143.90243902439,143.90243902439,1.69,2.44
693,13371,57,10,57.10,11/13/22,CHI,DET,DET,12,0.59,0.41,-143.90243902439,143.90243902439,1.69,2.44
694,13372,57,10,57.10,11/13/22,DAL,GB,GB,12,0.77,0.23,-334.782608695652,334.782608695652,1.3,4.35
695,13373,57,10,57.10,11/13/22,KC,JAX,KC,12,0.62,0.38,-163.157894736842,163.157894736842,1.61,2.63
696,13374,57,10,57.10,11/13/22,LVR,IND,IND,12,0.59,0.41,-143.90243902439,143.90243902439,1.69,2.44
697,13375,57,10,57.10,11/13/22,LAR,AZ,AZ,12,0.59,0.41,-143.90243902439,143.90243902439,1.69,2.44
698,13376,57,10,57.10,11/13/22,MIA,CLE,MIA,12,0.62,0.38,-163.157894736842,163.157894736842,1.61,2.63
699,13377,57,10,57.10,11/13/22,NYG,HOU,NYG,12,0.53,0.47,-112.765957446809,112.765957446809,1.89,2.13
700,13378,57,10,57.10,11/13/22,PIT,NO,PIT,12,0.74,0.26,-284.615384615385,284.615384615385,1.35,3.85
701,13379,57,10,57.10,11/13/22,SF,LAC,SF,12,0.56,0.44,-127.272727272727,127.272727272727,1.79,2.27
702,13380,57,10,57.10,11/13/22,TB,SEA,TB,12,0.56,0.44,-127.272727272727,127.272727272727,1.79,2.27
703,13381,57,10,57.10,11/13/22,TEN,DEN,TEN,12,0.83,0.17,-488.235294117647,488.235294117647,1.2,5.88
704,13382,57,10,57.10,11/14/22,PHI,WAS,WAS,12,0.59,0.41,-143.90243902439,143.90243902439,1.69,2.44
705,13383,57,11,57.11,11/17/22,GB,TEN,TEN,12,0.56,0.44,-127.272727272727,127.272727272727,1.79,2.27
706,13384,57,11,57.11,11/20/22,ATL,CHI,ATL,12,0.86,0.14,-614.285714285714,614.285714285714,1.16,7.14
707,13385,57,11,57.11,11/20/22,BAL,CAR,BAL,12,0.71,0.29,-244.827586206897,244.827586206897,1.41,3.45
708,13386,57,11,57.11,11/20/22,BUF,CLE,BUF,12,0.56,0.44,-127.272727272727,127.272727272727,1.79,2.27
709,13387,57,11,57.11,11/20/22,DEN,LVR,LVR,12,0.59,0.41,-143.90243902439,143.90243902439,1.69,2.44
710,13388,57,11,57.11,11/20/22,WAS,HOU,WAS,12,0.68,0.32,-212.5,212.5,1.47,3.12
711,13389,57,11,57.11,11/20/22,PHI,IND,PHI,12,0.65,0.35,-185.714285714286,185.714285714286,1.54,2.86
712,13390,57,11,57.11,11/20/22,KC,LAC,KC,12,0.56,0.44,-127.272727272727,127.272727272727,1.79,2.27
713,13391,57,11,57.11,11/20/22,DAL,MIN,DAL,12,0.59,0.41,-143.90243902439,143.90243902439,1.69,2.44
714,13392,57,11,57.11,11/20/22,NE,NYJ,NE,12,0.56,0.44,-127.272727272727,127.272727272727,1.79,2.27
715,13393,57,11,57.11,11/20/22,NO,LAR,NO,12,0.59,0.41,-143.90243902439,143.90243902439,1.69,2.44
716,13394,57,11,57.11,11/20/22,NYG,DET,DET,12,0.59,0.41,-143.90243902439,143.90243902439,1.69,2.44
717,13395,57,11,57.11,11/20/22,CIN,PIT,CIN,12,0.8,0.2,-400.0,400.0,1.25,5
718,13396,57,11,57.11,11/21/22,SF,AZ,SF,12,0.8,0.2,-400.0,400.0,1.25,5
719,13397,57,12,57.12,11/24/22,DAL,NYG,DAL,12,0.77,0.23,-334.782608695652,334.782608695652,1.3,4.35
720,13398,57,12,57.12,11/24/22,BUF,DET,BUF,12,0.56,0.44,-127.272727272727,127.272727272727,1.79,2.27
721,13399,57,12,57.12,11/24/22,MIN,NE,MIN,12,0.56,0.44,-127.272727272727,127.272727272727,1.79,2.27
722,13400,57,12,57.12,11/27/22,LAC,AZ,LAC,12,0.53,0.47,-112.765957446809,112.765957446809,1.89,2.13
723,13401,57,12,57.12,11/27/22,DEN,CAR,CAR,12,0.59,0.41,-143.90243902439,143.90243902439,1.69,2.44
724,13402,57,12,57.12,11/27/22,TB,CLE,CLE,12,0.59,0.41,-143.90243902439,143.90243902439,1.69,2.44
725,13403,57,12,57.12,11/27/22,BAL,JAX,JAX,12,0.95,0.05,-1900.0,1900.0,1.05,20
726,13404,57,12,57.12,11/27/22,KC,LAR,KC,12,0.92,0.08,-1150.0,1150.0,1.09,12.5
727,13405,57,12,57.12,11/27/22,MIA,HOU,MIA,12,0.71,0.29,-244.827586206897,244.827586206897,1.41,3.45
728,13406,57,12,57.12,11/27/22,NYJ,CHI,NYJ,12,0.68,0.32,-212.5,212.5,1.47,3.12
729,13407,57,12,57.12,11/27/22,PHI,GB,PHI,12,0.74,0.26,-284.615384615385,284.615384615385,1.35,3.85
730,13408,57,12,57.12,11/27/22,SF,NO,SF,12,0.62,0.38,-163.157894736842,163.157894736842,1.61,2.63
731,13409,57,12,57.12,11/27/22,SEA,LVR,LVR,12,0.53,0.47,-112.765957446809,112.765957446809,1.89,2.13
732,13410,57,12,57.12,11/27/22,CIN,TEN,CIN,12,0.59,0.41,-143.90243902439,143.90243902439,1.69,2.44
733,13411,57,12,57.12,11/27/22,WAS,ATL,WAS,12,0.56,0.44,-127.272727272727,127.272727272727,1.79,2.27
734,13412,57,12,57.12,11/28/22,IND,PIT,PIT,12,0.62,0.38,-163.157894736842,163.157894736842,1.61,2.63
735,13413,57,13,57.13,12/1/22,BUF,NE,BUF,12,0.53,0.47,-112.765957446809,112.765957446809,1.89,2.13
736,13414,57,13,57.13,12/4/22,PIT,ATL,PIT,12,0.77,0.23,-334.782608695652,334.782608695652,1.3,4.35
737,13415,57,13,57.13,12/4/22,BAL,DEN,BAL,12,0.59,0.41,-143.90243902439,143.90243902439,1.69,2.44
738,13416,57,13,57.13,12/4/22,GB,CHI,GB,12,0.56,0.44,-127.272727272727,127.272727272727,1.79,2.27
739,13417,57,13,57.13,12/4/22,KC,CIN,CIN,12,0.83,0.17,-488.235294117647,488.235294117647,1.2,5.88
740,13418,57,13,57.13,12/4/22,DAL,IND,DAL,12,0.53,0.47,-112.765957446809,112.765957446809,1.89,2.13
741,13419,57,13,57.13,12/4/22,DET,JAX,DET,12,0.71,0.29,-244.827586206897,244.827586206897,1.41,3.45
742,13420,57,13,57.13,12/4/22,CLE,HOU,CLE,12,0.56,0.44,-127.272727272727,127.272727272727,1.79,2.27
743,13421,57,13,57.13,12/4/22,LVR,LAC,LVR,12,0.68,0.32,-212.5,212.5,1.47,3.12
744,13422,57,13,57.13,12/4/22,SEA,LAR,SEA,12,0.59,0.41,-143.90243902439,143.90243902439,1.69,2.44
745,13423,57,13,57.13,12/4/22,MIN,NYJ,MIN,12,0.56,0.44,-127.272727272727,127.272727272727,1.79,2.27
746,13424,57,13,57.13,12/4/22,WAS,NYG,WAS,12,0.62,0.38,-163.157894736842,163.157894736842,1.61,2.63
747,13425,57,13,57.13,12/4/22,PHI,TEN,PHI,12,0.65,0.35,-185.714285714286,185.714285714286,1.54,2.86
748,13426,57,13,57.13,12/4/22,SF,MIA,SF,12,0.59,0.41,-143.90243902439,143.90243902439,1.69,2.44
749,13427,57,13,57.13,12/5/22,TB,NO,TB,12,0.68,0.32,-212.5,212.5,1.47,3.12
750,13428,57,14,57.14,12/8/22,LVR,LAR,LAR,12,0.8,0.2,-400.0,400.0,1.25,5
751,13429,57,14,57.14,12/11/22,BUF,NYJ,BUF,12,0.62,0.38,-163.157894736842,163.157894736842,1.61,2.63
752,13430,57,14,57.14,12/11/22,CIN,CLE,CIN,12,0.99,0.01,-9899.99999999999,9900.0,1.01,100
753,13431,57,14,57.14,12/11/22,DAL,HOU,DAL,12,0.77,0.23,-334.782608695652,334.782608695652,1.3,4.35
754,13432,57,14,57.14,12/11/22,KC,DEN,KC,12,0.56,0.44,-127.272727272727,127.272727272727,1.79,2.27
755,13433,57,14,57.14,12/11/22,DET,MIN,DET,12,0.59,0.41,-143.90243902439,143.90243902439,1.69,2.44
756,13434,57,14,57.14,12/11/22,MIA,LAC,LAC,12,0.71,0.29,-244.827586206897,244.827586206897,1.41,3.45
757,13435,57,14,57.14,12/11/22,PHI,NYG,PHI,12,0.56,0.44,-127.272727272727,127.272727272727,1.79,2.27
758,13436,57,14,57.14,12/11/22,PIT,BAL,BAL,12,0.59,0.41,-143.90243902439,143.90243902439,1.69,2.44
759,13437,57,14,57.14,12/11/22,SF,TB,SF,12,0.62,0.38,-163.157894736842,163.157894736842,1.61,2.63
760,13438,57,14,57.14,12/11/22,SEA,CAR,CAR,12,0.59,0.41,-143.90243902439,143.90243902439,1.69,2.44
761,13439,57,14,57.14,12/11/22,TEN,JAX,JAX,12,0.56,0.44,-127.272727272727,127.272727272727,1.79,2.27
762,13440,57,14,57.14,12/12/22,NE,AZ,NE,12,0.59,0.41,-143.90243902439,143.90243902439,1.69,2.44
763,13441,57,15,57.15,12/15/22,SF,SEA,SF,12,0.71,0.29,-244.827586206897,244.827586206897,1.41,3.45
764,13442,57,15,57.15,12/17/22,BUF,MIA,BUF,12,0.59,0.41,-143.90243902439,143.90243902439,1.69,2.44
765,13443,57,15,57.15,12/17/22,CLE,BAL,CLE,12,0.59,0.41,-143.90243902439,143.90243902439,1.69,2.44
766,13444,57,15,57.15,12/17/22,MIN,IND,MIN,12,0.56,0.44,-127.272727272727,127.272727272727,1.79,2.27
767,13445,57,15,57.15,12/18/22,CAR,PIT,PIT,12,0.74,0.26,-284.615384615385,284.615384615385,1.35,3.85
768,13446,57,15,57.15,12/18/22,PHI,CHI,PHI,12,0.53,0.47,-112.765957446809,112.765957446809,1.89,2.13
769,13447,57,15,57.15,12/18/22,DEN,AZ,DEN,12,0.92,0.08,-1150.0,1150.0,1.09,12.5
770,13448,57,15,57.15,12/18/22,KC,HOU,KC,12,0.62,0.38,-163.157894736842,163.157894736842,1.61,2.63
771,13449,57,15,57.15,12/18/22,DAL,JAX,JAX,12,0.56,0.44,-127.272727272727,127.272727272727,1.79,2.27
772,13450,57,15,57.15,12/18/22,LVR,NE,LVR,12,0.59,0.41,-143.90243902439,143.90243902439,1.69,2.44
773,13451,57,15,57.15,12/18/22,LAC,TEN,LAC,12,0.65,0.35,-185.714285714286,185.714285714286,1.54,2.86
774,13452,57,15,57.15,12/18/22,NO,ATL,NO,12,0.56,0.44,-127.272727272727,127.272727272727,1.79,2.27
775,13453,57,15,57.15,12/18/22,NYJ,DET,DET,12,0.59,0.41,-143.90243902439,143.90243902439,1.69,2.44
776,13454,57,15,57.15,12/18/22,CIN,TB,CIN,12,0.62,0.38,-163.157894736842,163.157894736842,1.61,2.63
777,13455,57,15,57.15,12/18/22,WAS,NYG,NYG,12,0.71,0.29,-244.827586206897,244.827586206897,1.41,3.45
778,13456,57,15,57.15,12/19/22,GB,LAR,GB,12,0.56,0.44,-127.272727272727,127.272727272727,1.79,2.27
779,13457,57,16,57.16,12/22/22,NYJ,JAX,JAX,12,0.68,0.32,-212.5,212.5,1.47,3.12
780,13458,57,16,57.16,12/24/22,BAL,ATL,BAL,12,0.56,0.44,-127.272727272727,127.272727272727,1.79,2.27
781,13459,57,16,57.16,12/24/22,DET,CAR,CAR,12,0.74,0.26,-284.615384615385,284.615384615385,1.35,3.85
782,13460,57,16,57.16,12/24/22,BUF,CHI,BUF,12,0.59,0.41,-143.90243902439,143.90243902439,1.69,2.44
783,13461,57,16,57.16,12/24/22,CLE,NO,NO,12,0.62,0.38,-163.157894736842,163.157894736842,1.61,2.63
784,13462,57,16,57.16,12/24/22,DAL,PHI,DAL,12,0.8,0.2,-400.0,400.0,1.25,5
785,13463,57,16,57.16,12/24/22,KC,SEA,KC,12,0.62,0.38,-163.157894736842,163.157894736842,1.61,2.63
786,13464,57,16,57.16,12/24/22,MIN,NYG,MIN,12,0.59,0.41,-143.90243902439,143.90243902439,1.69,2.44
787,13465,57,16,57.16,12/24/22,CIN,NE,CIN,12,0.56,0.44,-127.272727272727,127.272727272727,1.79,2.27
788,13466,57,16,57.16,12/24/22,PIT,LVR,PIT,12,0.68,0.32,-212.5,212.5,1.47,3.12
789,13467,57,16,57.16,12/24/22,SF,WAS,SF,12,0.59,0.41,-143.90243902439,143.90243902439,1.69,2.44
790,13468,57,16,57.16,12/24/22,TEN,HOU,HOU,12,0.71,0.29,-244.827586206897,244.827586206897,1.41,3.45
791,13469,57,16,57.16,12/25/22,TB,AZ,TB,12,0.59,0.41,-143.90243902439,143.90243902439,1.69,2.44
792,13470,57,16,57.16,12/25/22,DEN,LAR,LAR,12,0.59,0.41,-143.90243902439,143.90243902439,1.69,2.44
793,13471,57,16,57.16,12/25/22,MIA,GB,GB,12,0.59,0.41,-143.90243902439,143.90243902439,1.69,2.44
794,13472,57,16,57.16,12/26/22,LAC,IND,LAC,12,0.92,0.08,-1150.0,1150.0,1.09,12.5
795,13473,57,17,57.17,12/29/22,DAL,TEN,DAL,12,0.68,0.32,-212.5,212.5,1.47,3.12
796,13474,57,17,57.17,1/1/23,ATL,AZ,ATL,12,0.53,0.47,-112.765957446809,112.765957446809,1.89,2.13
797,13475,57,17,57.17,1/1/23,BAL,PIT,PIT,12,0.62,0.38,-163.157894736842,163.157894736842,1.61,2.63
798,13476,57,17,57.17,1/1/23,DET,CHI,DET,12,0.59,0.41,-143.90243902439,143.90243902439,1.69,2.44
799,13477,57,17,57.17,1/1/23,GB,MIN,GB,12,0.59,0.41,-143.90243902439,143.90243902439,1.69,2.44
800,13478,57,17,57.17,1/1/23,JAX,HOU,JAX,12,0.86,0.14,-614.285714285714,614.285714285714,1.16,7.14
801,13479,57,17,57.17,1/1/23,KC,DEN,KC,12,0.8,0.2,-400.0,400.0,1.25,5
802,13480,57,17,57.17,1/1/23,SF,LVR,SF,12,0.68,0.32,-212.5,212.5,1.47,3.12
803,13481,57,17,57.17,1/1/23,LAC,LAR,LAC,12,0.59,0.41,-143.90243902439,143.90243902439,1.69,2.44
804,13482,57,17,57.17,1/1/23,NE,MIA,NE,12,0.65,0.35,-185.714285714286,185.714285714286,1.54,2.86
805,13483,57,17,57.17,1/1/23,NYG,IND,NYG,12,0.65,0.35,-185.714285714286,185.714285714286,1.54,2.86
806,13484,57,17,57.17,1/1/23,PHI,NO,NO,12,0.53,0.47,-112.765957446809,112.765957446809,1.89,2.13
807,13485,57,17,57.17,1/1/23,NYJ,SEA,SEA,12,0.59,0.41,-143.90243902439,143.90243902439,1.69,2.44
808,13486,57,17,57.17,1/1/23,TB,CAR,TB,12,0.56,0.44,-127.272727272727,127.272727272727,1.79,2.27
809,13487,57,17,57.17,1/1/23,WAS,CLE,CLE,12,0.68,0.32,-212.5,212.5,1.47,3.12
810,13488,57,18,57.18,1/7/23,JAX,TEN,JAX,12,0.74,0.26,-284.615384615385,284.615384615385,1.35,3.85
811,13489,57,18,57.18,1/7/23,KC,LVR,KC,12,0.68,0.32,-212.5,212.5,1.47,3.12
812,13490,57,18,57.18,1/8/23,ATL,TB,ATL,12,0.74,0.26,-284.615384615385,284.615384615385,1.35,3.85
813,13491,57,18,57.18,1/8/23,BUF,NE,BUF,12,0.68,0.32,-212.5,212.5,1.47,3.12
814,13492,57,18,57.18,1/8/23,MIN,CHI,MIN,12,0.83,0.17,-488.235294117647,488.235294117647,1.2,5.88
815,13493,57,18,57.18,1/8/23,CIN,BAL,CIN,12,0.68,0.32,-212.5,212.5,1.47,3.12
816,13494,57,18,57.18,1/8/23,DEN,LAC,DEN,12,0.62,0.38,-163.157894736842,163.157894736842,1.61,2.63
817,13495,57,18,57.18,1/8/23,GB,DET,DET,12,0.59,0.41,-143.90243902439,143.90243902439,1.69,2.44
818,13496,57,18,57.18,1/8/23,IND,HOU,HOU,12,0.59,0.41,-143.90243902439,143.90243902439,1.69,2.44
819,13497,57,18,57.18,1/8/23,MIA,NYJ,MIA,12,0.59,0.41,-143.90243902439,143.90243902439,1.69,2.44
820,13498,57,18,57.18,1/8/23,NO,CAR,CAR,12,0.99,0.01,-9899.99999999999,9900.0,1.01,100
821,13499,57,18,57.18,1/8/23,PHI,NYG,PHI,12,0.56,0.44,-127.272727272727,127.272727272727,1.79,2.27
822,13500,57,18,57.18,1/8/23,PIT,CLE,PIT,12,0.92,0.08,-1150.0,1150.0,1.09,12.5
823,13501,57,18,57.18,1/8/23,SF,AZ,SF,12,0.62,0.38,-163.157894736842,163.157894736842,1.61,2.63
824,13502,57,18,57.18,1/8/23,SEA,LAR,SEA,12,0.71,0.29,-244.827586206897,244.827586206897,1.41,3.45
825,13503,57,18,57.18,1/8/23,DAL,WAS,WAS,12,0.56,0.44,-127.272727272727,127.272727272727,1.79,2.27
826,13504,57,Wildcard,57.Wildcard,1/14/23,LAC,JAX,JAX,12,0.77,0.23,-334.782608695652,334.782608695652,1.3,4.35
827,13505,57,Wildcard,57.Wildcard,1/14/23,SF,SEA,SF,12,0.92,0.08,-1150.0,1150.0,1.09,12.5
828,13506,57,Wildcard,57.Wildcard,1/15/23,BUF,MIA,BUF,12,0.74,0.26,-284.615384615385,284.615384615385,1.35,3.85
829,13507,57,Wildcard,57.Wildcard,1/15/23,CIN,BAL,CIN,12,0.56,0.44,-127.272727272727,127.272727272727,1.79,2.27
830,13508,57,Wildcard,57.Wildcard,1/15/23,MIN,NYG,NYG,12,0.56,0.44,-127.272727272727,127.272727272727,1.79,2.27
831,13509,57,Wildcard,57.Wildcard,1/16/23,DAL,TB,DAL,12,0.77,0.23,-334.782608695652,334.782608695652,1.3,4.35
832,13510,57,Division,57.Division,1/21/23,KC,JAX,KC,12,0.74,0.26,-284.615384615385,284.615384615385,1.35,3.85
833,13511,57,Division,57.Division,1/21/23,PHI,NYG,PHI,12,0.68,0.32,-212.5,212.5,1.47,3.12
834,13512,57,Division,57.Division,1/22/23,BUF,CIN,CIN,12,0.59,0.41,-143.90243902439,143.90243902439,1.69,2.44
835,13513,57,Division,57.Division,1/22/23,SF,DAL,SF,12,0.53,0.47,-112.765957446809,112.765957446809,1.89,2.13
836,13514,57,Conference,57.Conference,1/29/23,KC,CIN,KC,12,0.56,0.44,-127.272727272727,127.272727272727,1.79,2.27
837,13515,57,Conference,57.Conference,1/29/23,PHI,SF,PHI,12,0.53,0.47,-112.765957446809,112.765957446809,1.89,2.13
838,13516,57,Superbowl,57.Superbowl,2/12/23,PHI,KC,PHI,12,,,,,,
